日期,risk free rate
2024-10-22,1.505
2024-10-21,1.505
2024-10-18,1.5
2024-10-17,1.495
2024-10-16,1.505
2024-10-15,1.51
2024-10-11,1.535
2024-10-09,1.535
2024-10-08,1.535
2024-10-07,1.54
2024-10-04,1.52
2024-10-03,1.49
2024-10-01,1.49
2024-09-30,1.49
2024-09-27,1.51
2024-09-26,1.51
2024-09-25,1.49
2024-09-24,1.514
2024-09-23,1.47
2024-09-20,1.46
2024-09-19,1.48
2024-09-18,1.49
2024-09-16,1.475
2024-09-13,1.49
2024-09-12,1.49
2024-09-11,1.48
2024-09-10,1.525
2024-09-09,1.548
2024-09-06,1.53
2024-09-05,1.53
2024-09-04,1.549
2024-09-03,1.561
2024-09-02,1.565
2024-08-30,1.57
2024-08-29,1.565
2024-08-28,1.565
2024-08-27,1.565
2024-08-26,1.563
2024-08-23,1.57
2024-08-22,1.56
2024-08-21,1.56
2024-08-20,1.58
2024-08-19,1.54
2024-08-16,1.54
2024-08-15,1.54
2024-08-14,1.54
2024-08-13,1.54
2024-08-12,1.54
2024-08-09,1.54
2024-08-08,1.54
2024-08-07,1.53
2024-08-06,1.485
2024-08-02,1.565
2024-08-01,1.59
2024-07-31,1.625
2024-07-30,1.63
2024-07-29,1.615
2024-07-26,1.615
2024-07-25,1.605
2024-07-24,1.605
2024-07-23,1.605
2024-07-22,1.615
2024-07-19,1.636
2024-07-18,1.635
2024-07-17,1.665
2024-07-16,1.685
2024-07-15,1.705
2024-07-12,1.715
2024-07-11,1.735
2024-07-10,1.745
2024-07-09,1.725
2024-07-08,1.725
2024-07-05,1.735
2024-07-04,1.735
2024-07-03,1.775
2024-07-02,1.765
2024-07-01,1.765
2024-06-28,1.715
2024-06-27,1.715
2024-06-26,1.715
2024-06-25,1.695
2024-06-24,1.695
2024-06-21,1.695
2024-06-20,1.705
2024-06-19,1.675
2024-06-18,1.65
2024-06-17,1.663
2024-06-14,1.654
2024-06-13,1.585
2024-06-12,1.605
2024-06-11,1.595
2024-06-10,1.575
2024-06-07,1.575
2024-06-06,1.575
2024-06-05,1.595
2024-06-04,1.595
2024-06-03,1.614
2024-05-31,1.595
2024-05-30,1.615
2024-05-29,1.595
2024-05-28,1.585
2024-05-27,1.585
2024-05-24,1.585
2024-05-23,1.585
2024-05-22,1.595
2024-05-21,1.585
2024-05-20,1.595
2024-05-17,1.595
2024-05-16,1.58
2024-05-15,1.605
2024-05-14,1.61
2024-05-13,1.615
2024-05-10,1.605
2024-05-09,1.645
2024-05-08,1.65
2024-05-07,1.675
2024-05-06,1.685
2024-05-03,1.7
2024-05-02,1.655
2024-05-01,1.655
2024-04-30,1.655
2024-04-29,1.675
2024-04-26,1.675
2024-04-25,1.675
2024-04-24,1.675
2024-04-23,1.655
2024-04-22,1.675
2024-04-19,1.665
2024-04-18,1.675
2024-04-17,1.725
2024-04-16,1.635
2024-04-15,1.55
2024-04-12,1.565
2024-04-11,1.535
2024-04-10,1.495
2024-04-09,1.485
2024-04-08,1.515
2024-04-05,1.475
2024-04-04,1.475
2024-04-03,1.475
2024-04-02,1.455
2024-04-01,1.425
2024-03-29,1.435
2024-03-28,1.425
2024-03-27,1.435
2024-03-26,1.445
2024-03-25,1.425
2024-03-22,1.278
2024-03-21,1.275
2024-03-20,1.27
2024-03-19,1.265
2024-03-18,1.255
2024-03-15,1.233
2024-03-14,1.225
2024-03-13,1.215
2024-03-12,1.209
2024-03-11,1.205
2024-03-08,1.195
2024-03-07,1.2
2024-03-06,1.195
2024-03-05,1.197
2024-03-04,1.205
2024-03-01,1.209
2024-02-29,1.215
2024-02-28,1.215
2024-02-27,1.215
2024-02-26,1.205
2024-02-23,1.205
2024-02-22,1.205
2024-02-21,1.206
2024-02-20,1.21
2024-02-19,1.213
2024-02-16,1.21
2024-02-15,1.215
2024-02-14,1.2
2024-02-13,1.2
2024-02-12,1.2
2024-02-09,1.2
2024-02-08,1.2
2024-02-07,1.2
2024-02-06,1.2
2024-02-05,1.2
2024-02-02,1.175
2024-02-01,1.182
2024-01-31,1.189
2024-01-30,1.204
2024-01-29,1.217
2024-01-26,1.21
2024-01-25,1.221
2024-01-24,1.201
2024-01-23,1.22
2024-01-22,1.214
2024-01-19,1.212
2024-01-18,1.21
2024-01-17,1.207
2024-01-16,1.2
2024-01-15,1.205
2024-01-12,1.235
2024-01-11,1.265
2024-01-10,1.225
2024-01-09,1.215
2024-01-08,1.22
2024-01-05,1.249
2024-01-04,1.22
2024-01-03,1.213
2024-01-02,1.205
2024-01-01,1.2
2023-12-29,1.2
2023-12-28,1.2
2023-12-27,1.205
2023-12-26,1.205
2023-12-25,1.202
2023-12-22,1.202
2023-12-21,1.192
2023-12-20,1.19
2023-12-19,1.19
2023-12-18,1.185
2023-12-15,1.19
2023-12-14,1.19
2023-12-13,1.235
2023-12-12,1.235
2023-12-11,1.245
2023-12-08,1.245
2023-12-07,1.245
2023-12-06,1.245
2023-12-05,1.245
2023-12-04,1.245
2023-12-01,1.26
2023-11-30,1.285
2023-11-29,1.245
2023-11-28,1.305
2023-11-27,1.3
2023-11-24,1.313
2023-11-23,1.295
2023-11-22,1.294
2023-11-21,1.3
2023-11-20,1.315
2023-11-17,1.265
2023-11-16,1.245
2023-11-15,1.245
2023-11-14,1.265
2023-11-13,1.255
2023-11-10,1.25
2023-11-09,1.25
2023-11-08,1.25
2023-11-07,1.255
2023-11-06,1.255
2023-11-03,1.265
2023-11-02,1.265
2023-11-01,1.295
2023-10-31,1.295
2023-10-30,1.295
2023-10-27,1.305
2023-10-26,1.295
2023-10-25,1.295
2023-10-24,1.305
2023-10-23,1.31
2023-10-20,1.32
2023-10-19,1.315
2023-10-18,1.285
2023-10-17,1.285
2023-10-16,1.274
2023-10-13,1.265
2023-10-12,1.245
2023-10-11,1.26
2023-10-10,1.28
2023-10-09,1.28
2023-10-06,1.28
2023-10-05,1.266
2023-10-04,1.271
2023-10-03,1.245
2023-10-02,1.24
2023-09-29,1.226
2023-09-28,1.226
2023-09-27,1.224
2023-09-26,1.245
2023-09-25,1.243
2023-09-22,1.225
2023-09-21,1.23
2023-09-20,1.21
2023-09-19,1.205
2023-09-18,1.235
2023-09-15,1.22
2023-09-14,1.215
2023-09-13,1.22
2023-09-12,1.205
2023-09-11,1.185
2023-09-08,1.181
2023-09-07,1.184
2023-09-06,1.18
2023-09-04,1.176
2023-09-01,1.175
2023-08-31,1.175
2023-08-30,1.183
2023-08-29,1.195
2023-08-28,1.175
2023-08-25,1.176
2023-08-24,1.185
2023-08-23,1.183
2023-08-22,1.225
2023-08-21,1.175
2023-08-18,1.179
2023-08-17,1.175
2023-08-16,1.175
2023-08-15,1.185
2023-08-14,1.17
2023-08-11,1.165
2023-08-10,1.157
2023-08-09,1.157
2023-08-08,1.164
2023-08-07,1.163
2023-08-04,1.155
2023-08-03,1.155
2023-08-02,1.155
2023-08-01,1.148
2023-07-31,1.153
2023-07-28,1.15
2023-07-27,1.135
2023-07-26,1.142
2023-07-25,1.14
2023-07-24,1.14
2023-07-21,1.137
2023-07-20,1.135
2023-07-19,1.13
2023-07-18,1.139
2023-07-17,1.149
2023-07-14,1.145
2023-07-13,1.145
2023-07-12,1.145
2023-07-11,1.152
2023-07-10,1.155
2023-07-07,1.149
2023-07-06,1.149
2023-07-05,1.134
2023-07-04,1.165
2023-07-03,1.165
2023-06-30,1.165
2023-06-29,1.155
2023-06-28,1.155
2023-06-27,1.155
2023-06-26,1.155
2023-06-23,1.155
2023-06-22,1.155
2023-06-21,1.155
2023-06-20,1.16
2023-06-19,1.145
2023-06-16,1.15
2023-06-15,1.163
2023-06-14,1.153
2023-06-13,1.16
2023-06-12,1.147
2023-06-09,1.16
2023-06-08,1.16
2023-06-07,1.15
2023-06-06,1.15
2023-06-05,1.164
2023-06-02,1.163
2023-06-01,1.165
2023-05-31,1.16
2023-05-30,1.16
2023-05-29,1.155
2023-05-26,1.154
2023-05-25,1.15
2023-05-24,1.15
2023-05-23,1.15
2023-05-22,1.142
2023-05-19,1.143
2023-05-18,1.144
2023-05-17,1.145
2023-05-16,1.14
2023-05-15,1.14
2023-05-12,1.115
2023-05-11,1.133
2023-05-10,1.146
2023-05-09,1.15
2023-05-08,1.139
2023-05-05,1.135
2023-05-04,1.145
2023-05-03,1.16
2023-05-02,1.225
2023-05-01,1.215
2023-04-28,1.215
2023-04-27,1.185
2023-04-26,1.175
2023-04-25,1.185
2023-04-24,1.2
2023-04-21,1.195
2023-04-20,1.202
2023-04-19,1.205
2023-04-18,1.215
2023-04-17,1.22
2023-04-14,1.215
2023-04-13,1.215
2023-04-12,1.23
2023-04-11,1.225
2023-04-10,1.215
2023-04-07,1.235
2023-04-06,1.21
2023-04-05,1.255
2023-04-04,1.255
2023-04-03,1.255
2023-03-31,1.255
2023-03-30,1.215
2023-03-29,1.215
2023-03-28,1.215
2023-03-27,1.215
2023-03-24,1.174
2023-03-23,1.16
2023-03-22,1.175
2023-03-21,1.165
2023-03-20,1.144
2023-03-17,1.16
2023-03-16,1.145
2023-03-15,1.158
2023-03-14,1.14
2023-03-13,1.165
2023-03-10,1.185
2023-03-09,1.213
2023-03-08,1.229
2023-03-07,1.23
2023-03-06,1.215
2023-03-03,1.248
2023-03-02,1.24
2023-03-01,1.215
2023-02-28,1.175
2023-02-27,1.175
2023-02-24,1.175
2023-02-23,1.185
2023-02-22,1.23
2023-02-21,1.22
2023-02-20,1.235
2023-02-17,1.24
2023-02-16,1.215
2023-02-15,1.194
2023-02-14,1.175
2023-02-13,1.235
2023-02-10,1.194
2023-02-09,1.17
2023-02-08,1.173
2023-02-07,1.17
2023-02-06,1.174
2023-02-03,1.144
2023-02-02,1.153
2023-02-01,1.195
2023-01-31,1.205
2023-01-30,1.225
2023-01-27,1.225
2023-01-26,1.225
2023-01-25,1.225
2023-01-24,1.225
2023-01-23,1.225
2023-01-20,1.225
2023-01-19,1.225
2023-01-18,1.225
2023-01-17,1.225
2023-01-16,1.195
2023-01-13,1.195
2023-01-12,1.215
2023-01-11,1.205
2023-01-10,1.195
2023-01-09,1.194
2023-01-06,1.285
2023-01-05,1.255
2023-01-04,1.335
2023-01-03,1.335
2023-01-02,1.335
2022-12-30,1.335
2022-12-29,1.335
2022-12-28,1.335
2022-12-27,1.31
2022-12-26,1.21
2022-12-23,1.21
2022-12-22,1.25
2022-12-21,1.235
2022-12-20,1.275
2022-12-19,1.215
2022-12-16,1.235
2022-12-15,1.275
2022-12-14,1.275
2022-12-13,1.29
2022-12-12,1.295
2022-12-09,1.284
2022-12-08,1.25
2022-12-07,1.265
2022-12-06,1.365
2022-12-05,1.355
2022-12-02,1.395
2022-12-01,1.455
2022-11-30,1.495
2022-11-29,1.475
2022-11-28,1.475
2022-11-25,1.485
2022-11-24,1.49
2022-11-23,1.525
2022-11-22,1.575
2022-11-21,1.595
2022-11-18,1.605
2022-11-17,1.595
2022-11-16,1.675
2022-11-15,1.685
2022-11-14,1.695
2022-11-11,1.655
2022-11-10,1.775
2022-11-09,1.794
2022-11-08,1.814
2022-11-07,1.805
2022-11-04,1.794
2022-11-03,1.785
2022-11-02,1.755
2022-11-01,1.755
2022-10-31,1.755
2022-10-28,1.773
2022-10-27,1.824
2022-10-26,1.86
2022-10-25,1.9
2022-10-24,1.925
2022-10-21,1.915
2022-10-20,1.825
2022-10-19,1.825
2022-10-18,1.775
2022-10-17,1.775
2022-10-14,1.755
2022-10-13,1.765
2022-10-12,1.765
2022-10-11,1.735
2022-10-10,1.705
2022-10-07,1.705
2022-10-06,1.675
2022-10-05,1.665
2022-10-04,1.675
2022-10-03,1.695
2022-09-30,1.695
2022-09-29,1.655
2022-09-28,1.675
2022-09-27,1.665
2022-09-26,1.475
2022-09-23,1.402
2022-09-22,1.395
2022-09-21,1.395
2022-09-20,1.395
2022-09-19,1.395
2022-09-16,1.375
2022-09-15,1.345
2022-09-14,1.335
2022-09-13,1.305
2022-09-12,1.305
2022-09-09,1.285
2022-09-08,1.285
2022-09-07,1.315
2022-09-06,1.305
2022-09-05,1.295
2022-09-02,1.325
2022-09-01,1.255
2022-08-31,1.235
2022-08-30,1.215
2022-08-29,1.235
2022-08-26,1.195
2022-08-25,1.195
2022-08-24,1.205
2022-08-23,1.215
2022-08-22,1.205
2022-08-19,1.185
2022-08-18,1.185
2022-08-17,1.185
2022-08-16,1.169
2022-08-15,1.17
2022-08-12,1.163
2022-08-11,1.185
2022-08-10,1.175
2022-08-09,1.175
2022-08-08,1.215
2022-08-05,1.155
2022-08-04,1.155
2022-08-03,1.175
2022-08-02,1.155
2022-08-01,1.135
2022-07-29,1.115
2022-07-28,1.145
2022-07-27,1.185
2022-07-26,1.195
2022-07-25,1.215
2022-07-22,1.225
2022-07-21,1.255
2022-07-20,1.245
2022-07-19,1.255
2022-07-18,1.255
2022-07-15,1.245
2022-07-14,1.235
2022-07-13,1.235
2022-07-12,1.245
2022-07-11,1.245
2022-07-08,1.185
2022-07-07,1.195
2022-07-06,1.145
2022-07-05,1.255
2022-07-04,1.255
2022-07-01,1.245
2022-06-30,1.205
2022-06-29,1.205
2022-06-28,1.175
2022-06-27,1.232
2022-06-24,1.245
2022-06-23,1.215
2022-06-22,1.205
2022-06-21,1.235
2022-06-20,1.265
2022-06-17,1.185
2022-06-16,1.355
2022-06-15,1.365
2022-06-14,1.345
2022-06-13,1.335
2022-06-10,1.265
2022-06-09,1.265
2022-06-08,1.265
2022-06-07,1.265
2022-06-06,1.225
2022-06-03,1.225
2022-06-02,1.225
2022-06-01,1.195
2022-05-31,1.165
2022-05-30,1.135
2022-05-27,1.105
2022-05-26,1.105
2022-05-25,1.105
2022-05-24,1.185
2022-05-23,1.165
2022-05-20,1.255
2022-05-19,1.295
2022-05-18,1.315
2022-05-17,1.365
2022-05-16,1.415
2022-05-13,1.44
2022-05-12,1.385
2022-05-11,1.355
2022-05-10,1.359
2022-05-09,1.39
2022-05-06,1.06
2022-05-05,1.06
2022-05-04,1.055
2022-05-03,1.055
2022-05-02,1.035
2022-04-29,1.035
2022-04-28,1.025
2022-04-27,1.02
2022-04-26,1.05
2022-04-25,1.045
2022-04-22,1.04
2022-04-21,1.035
2022-04-20,1.04
2022-04-19,1.0
2022-04-18,0.995
2022-04-15,1.0
2022-04-14,1.005
2022-04-13,1.005
2022-04-12,1.03
2022-04-11,1.035
2022-04-08,1.015
2022-04-07,1.015
2022-04-06,0.955
2022-04-05,0.94
2022-04-04,0.94
2022-04-01,0.94
2022-03-31,0.955
2022-03-30,0.955
2022-03-29,0.97
2022-03-28,0.975
2022-03-25,0.945
2022-03-24,0.93
2022-03-23,0.905
2022-03-22,0.865
2022-03-21,0.84
2022-03-18,0.835
2022-03-17,0.76
2022-03-16,0.76
2022-03-15,0.75
2022-03-14,0.73
2022-03-11,0.73
2022-03-10,0.73
2022-03-09,0.715
2022-03-08,0.7
2022-03-07,0.695
2022-03-04,0.7
2022-03-03,0.705
2022-03-02,0.69
2022-03-01,0.71
2022-02-28,0.715
2022-02-25,0.715
2022-02-24,0.7
2022-02-23,0.72
2022-02-22,0.705
2022-02-21,0.705
2022-02-18,0.686
2022-02-17,0.705
2022-02-16,0.694
2022-02-15,0.705
2022-02-14,0.705
2022-02-11,0.725
2022-02-10,0.71
2022-02-09,0.715
2022-02-08,0.71
2022-02-07,0.71
2022-02-04,0.69
2022-02-03,0.69
2022-02-02,0.69
2022-02-01,0.69
2022-01-31,0.69
2022-01-28,0.69
2022-01-27,0.69
2022-01-26,0.695
2022-01-25,0.695
2022-01-24,0.685
2022-01-21,0.7
2022-01-20,0.725
2022-01-19,0.74
2022-01-18,0.73
2022-01-17,0.715
2022-01-14,0.73
2022-01-13,0.757
2022-01-12,0.774
2022-01-11,0.774
2022-01-10,0.841
2022-01-07,0.783
2022-01-06,0.779
2022-01-05,0.763
2022-01-04,0.715
2022-01-03,0.715
2021-12-31,0.715
2021-12-30,0.715
2021-12-29,0.695
2021-12-28,0.655
2021-12-27,0.64
2021-12-24,0.64
2021-12-23,0.635
2021-12-22,0.63
2021-12-21,0.615
2021-12-20,0.595
2021-12-17,0.565
2021-12-16,0.565
2021-12-15,0.565
2021-12-14,0.565
2021-12-13,0.565
2021-12-10,0.56
2021-12-09,0.565
2021-12-08,0.555
2021-12-07,0.55
2021-12-06,0.565
2021-12-03,0.555
2021-12-02,0.55
2021-12-01,0.545
2021-11-30,0.55
2021-11-29,0.55
2021-11-26,0.55
2021-11-25,0.57
2021-11-24,0.57
2021-11-23,0.575
2021-11-22,0.56
2021-11-19,0.57
2021-11-18,0.565
2021-11-17,0.57
2021-11-16,0.56
2021-11-15,0.555
2021-11-12,0.545
2021-11-11,0.54
2021-11-10,0.535
2021-11-09,0.545
2021-11-08,0.525
2021-11-05,0.53
2021-11-04,0.545
2021-11-03,0.54
2021-11-02,0.56
2021-11-01,0.555
2021-10-29,0.54
2021-10-28,0.55
2021-10-27,0.535
2021-10-26,0.545
2021-10-25,0.513
2021-10-22,0.513
2021-10-21,0.513
2021-10-20,0.48
2021-10-19,0.485
2021-10-18,0.495
2021-10-15,0.47
2021-10-14,0.465
2021-10-13,0.465
2021-10-12,0.475
2021-10-11,0.46
2021-10-08,0.46
2021-10-07,0.445
2021-10-06,0.435
2021-10-05,0.43
2021-10-04,0.43
2021-10-01,0.435
2021-09-30,0.44
2021-09-29,0.44
2021-09-28,0.44
2021-09-27,0.445
2021-09-24,0.415
2021-09-23,0.4
2021-09-22,0.41
2021-09-21,0.405
2021-09-20,0.405
2021-09-17,0.405
2021-09-16,0.405
2021-09-15,0.405
2021-09-14,0.415
2021-09-13,0.41
2021-09-10,0.405
2021-09-09,0.41
2021-09-08,0.415
2021-09-07,0.42
2021-09-06,0.425
2021-09-03,0.415
2021-09-02,0.415
2021-09-01,0.415
2021-08-31,0.415
2021-08-30,0.41
2021-08-27,0.415
2021-08-26,0.415
2021-08-25,0.42
2021-08-24,0.415
2021-08-23,0.41
2021-08-20,0.41
2021-08-19,0.41
2021-08-18,0.4
2021-08-17,0.395
2021-08-16,0.395
2021-08-13,0.39
2021-08-12,0.39
2021-08-11,0.395
2021-08-10,0.395
2021-08-09,0.395
2021-08-06,0.38
2021-08-05,0.38
2021-08-04,0.375
2021-08-03,0.385
2021-08-02,0.39
2021-07-30,0.39
2021-07-29,0.39
2021-07-28,0.395
2021-07-27,0.39
2021-07-26,0.38
2021-07-23,0.385
2021-07-22,0.39
2021-07-21,0.385
2021-07-20,0.385
2021-07-19,0.385
2021-07-16,0.385
2021-07-15,0.39
2021-07-14,0.395
2021-07-13,0.395
2021-07-12,0.385
2021-07-09,0.385
2021-07-08,0.385
2021-07-07,0.385
2021-07-06,0.395
2021-07-05,0.395
2021-07-02,0.41
2021-07-01,0.41
2021-06-30,0.41
2021-06-29,0.415
2021-06-28,0.42
2021-06-25,0.42
2021-06-24,0.405
2021-06-23,0.386
2021-06-22,0.436
2021-06-21,0.424
2021-06-18,0.435
2021-06-17,0.45
2021-06-16,0.45
2021-06-15,0.405
2021-06-14,0.405
2021-06-11,0.405
2021-06-10,0.4
2021-06-09,0.42
2021-06-08,0.405
2021-06-07,0.395
2021-06-04,0.41
2021-06-03,0.415
2021-06-02,0.42
2021-06-01,0.415
2021-05-31,0.41
2021-05-28,0.415
2021-05-27,0.41
2021-05-26,0.435
2021-05-25,0.44
2021-05-24,0.425
2021-05-21,0.435
2021-05-20,0.425
2021-05-19,0.43
2021-05-18,0.415
2021-05-17,0.4
2021-05-14,0.41
2021-05-13,0.415
2021-05-12,0.395
2021-05-11,0.395
2021-05-10,0.395
2021-05-07,0.39
2021-05-06,0.39
2021-05-05,0.395
2021-05-04,0.385
2021-05-03,0.39
2021-04-30,0.39
2021-04-29,0.39
2021-04-28,0.395
2021-04-27,0.39
2021-04-26,0.39
2021-04-23,0.39
2021-04-22,0.385
2021-04-21,0.385
2021-04-20,0.375
2021-04-19,0.37
2021-04-16,0.37
2021-04-15,0.375
2021-04-14,0.375
2021-04-13,0.395
2021-04-12,0.39
2021-04-09,0.405
2021-04-08,0.415
2021-04-07,0.42
2021-04-06,0.43
2021-04-05,0.425
2021-04-02,0.425
2021-04-01,0.425
2021-03-31,0.415
2021-03-30,0.405
2021-03-29,0.395
2021-03-26,0.385
2021-03-25,0.385
2021-03-24,0.395
2021-03-23,0.405
2021-03-22,0.42
2021-03-19,0.425
2021-03-18,0.4
2021-03-17,0.39
2021-03-16,0.42
2021-03-15,0.4
2021-03-12,0.4
2021-03-11,0.405
2021-03-10,0.405
2021-03-09,0.4
2021-03-08,0.39
2021-03-05,0.39
2021-03-04,0.37
2021-03-03,0.36
2021-03-02,0.365
2021-03-01,0.335
2021-02-26,0.335
2021-02-25,0.335
2021-02-24,0.36
2021-02-23,0.365
2021-02-22,0.332
2021-02-19,0.332
2021-02-18,0.327
2021-02-17,0.345
2021-02-16,0.32
2021-02-15,0.32
2021-02-12,0.32
2021-02-11,0.32
2021-02-10,0.32
2021-02-09,0.32
2021-02-08,0.32
2021-02-05,0.32
2021-02-04,0.32
2021-02-03,0.31
2021-02-02,0.31
2021-02-01,0.315
2021-01-29,0.305
2021-01-28,0.315
2021-01-27,0.315
2021-01-26,0.32
2021-01-25,0.31
2021-01-22,0.305
2021-01-21,0.3
2021-01-20,0.31
2021-01-19,0.305
2021-01-18,0.3
2021-01-15,0.31
2021-01-14,0.305
2021-01-13,0.31
2021-01-12,0.32
2021-01-11,0.325
2021-01-08,0.32
2021-01-07,0.28
2021-01-06,0.27
2021-01-05,0.27
2021-01-04,0.285
2020-12-31,0.295
2020-12-30,0.305
2020-12-29,0.3
2020-12-28,0.295
2020-12-25,0.305
2020-12-24,0.305
2020-12-23,0.275
2020-12-22,0.265
2020-12-21,0.265
2020-12-18,0.265
2020-12-17,0.275
2020-12-16,0.275
2020-12-15,0.27
2020-12-14,0.275
2020-12-11,0.291
2020-12-10,0.3
2020-12-09,0.32
2020-12-08,0.29
2020-12-07,0.28
2020-12-04,0.26
2020-12-03,0.25
2020-12-02,0.23
2020-12-01,0.235
2020-11-30,0.24
2020-11-27,0.245
2020-11-26,0.23
2020-11-25,0.265
2020-11-24,0.265
2020-11-23,0.26
2020-11-20,0.26
2020-11-19,0.27
2020-11-18,0.27
2020-11-17,0.275
2020-11-16,0.27
2020-11-13,0.285
2020-11-12,0.285
2020-11-11,0.285
2020-11-10,0.28
2020-11-09,0.275
2020-11-06,0.275
2020-11-05,0.28
2020-11-04,0.295
2020-11-03,0.305
2020-11-02,0.305
2020-10-30,0.31
2020-10-29,0.3
2020-10-28,0.32
2020-10-27,0.305
2020-10-26,0.305
2020-10-23,0.3
2020-10-22,0.31
2020-10-21,0.3
2020-10-20,0.31
2020-10-19,0.305
2020-10-16,0.3
2020-10-15,0.31
2020-10-14,0.275
2020-10-13,0.305
2020-10-12,0.31
2020-10-09,0.31
2020-10-08,0.31
2020-10-07,0.375
2020-10-06,0.385
2020-10-05,0.38
2020-10-02,0.385
2020-10-01,0.385
2020-09-30,0.385
2020-09-29,0.405
2020-09-28,0.41
2020-09-25,0.41
2020-09-24,0.415
2020-09-23,0.39
2020-09-22,0.39
2020-09-21,0.385
2020-09-18,0.38
2020-09-17,0.39
2020-09-16,0.39
2020-09-15,0.405
2020-09-14,0.405
2020-09-11,0.38
2020-09-10,0.385
2020-09-09,0.39
2020-09-08,0.395
2020-09-07,0.395
2020-09-04,0.39
2020-09-03,0.38
2020-09-02,0.38
2020-09-01,0.39
2020-08-31,0.385
2020-08-28,0.39
2020-08-27,0.375
2020-08-26,0.39
2020-08-25,0.37
2020-08-24,0.365
2020-08-21,0.37
2020-08-20,0.365
2020-08-19,0.365
2020-08-18,0.37
2020-08-17,0.37
2020-08-14,0.365
2020-08-13,0.36
2020-08-12,0.355
2020-08-11,0.35
2020-08-10,0.345
2020-08-07,0.365
2020-08-06,0.34
2020-08-05,0.345
2020-08-04,0.35
2020-08-03,0.365
2020-07-31,0.365
2020-07-30,0.365
2020-07-29,0.37
2020-07-28,0.37
2020-07-27,0.37
2020-07-24,0.365
2020-07-23,0.37
2020-07-22,0.375
2020-07-21,0.375
2020-07-20,0.375
2020-07-17,0.385
2020-07-16,0.395
2020-07-15,0.395
2020-07-14,0.4
2020-07-13,0.395
2020-07-10,0.395
2020-07-09,0.395
2020-07-08,0.395
2020-07-07,0.395
2020-07-06,0.395
2020-07-03,0.395
2020-07-02,0.4
2020-07-01,0.395
2020-06-30,0.395
2020-06-29,0.39
2020-06-26,0.4
2020-06-25,0.4
2020-06-24,0.4
2020-06-23,0.405
2020-06-22,0.4
2020-06-19,0.4
2020-06-18,0.395
2020-06-17,0.4
2020-06-16,0.405
2020-06-15,0.405
2020-06-12,0.395
2020-06-11,0.415
2020-06-10,0.43
2020-06-09,0.43
2020-06-08,0.397
2020-06-05,0.485
2020-06-04,0.48
2020-06-03,0.475
2020-06-02,0.47
2020-06-01,0.47
2020-05-29,0.465
2020-05-28,0.47
2020-05-27,0.47
2020-05-26,0.47
2020-05-25,0.465
2020-05-22,0.465
2020-05-21,0.465
2020-05-20,0.475
2020-05-19,0.47
2020-05-18,0.46
2020-05-15,0.455
2020-05-14,0.455
2020-05-13,0.47
2020-05-12,0.47
2020-05-11,0.47
2020-05-08,0.465
2020-05-07,0.475
2020-05-06,0.475
2020-05-05,0.47
2020-05-04,0.47
2020-05-01,0.48
2020-04-30,0.48
2020-04-29,0.47
2020-04-28,0.475
2020-04-27,0.46
2020-04-24,0.445
2020-04-23,0.455
2020-04-22,0.47
2020-04-21,0.48
2020-04-20,0.505
2020-04-17,0.495
2020-04-16,0.48
2020-04-15,0.495
2020-04-14,0.51
2020-04-13,0.51
2020-04-10,0.505
2020-04-09,0.505
2020-04-08,0.52
2020-04-07,0.495
2020-04-06,0.47
2020-04-03,0.45
2020-04-02,0.45
2020-04-01,0.45
2020-03-31,0.48
2020-03-30,0.46
2020-03-27,0.48
2020-03-26,0.51
2020-03-25,0.53
2020-03-24,0.505
2020-03-23,0.475
2020-03-20,0.52
2020-03-19,0.665
2020-03-18,0.565
2020-03-17,0.5
2020-03-16,0.465
2020-03-13,0.49
2020-03-12,0.44
2020-03-11,0.45
2020-03-10,0.45
2020-03-09,0.435
2020-03-06,0.475
2020-03-05,0.49
2020-03-04,0.475
2020-03-03,0.498
2020-03-02,0.498
2020-02-28,0.507
2020-02-27,0.507
2020-02-26,0.517
2020-02-25,0.512
2020-02-24,0.522
2020-02-21,0.512
2020-02-20,0.533
2020-02-19,0.533
2020-02-18,0.522
2020-02-17,0.563
2020-02-14,0.572
2020-02-13,0.572
2020-02-12,0.577
2020-02-11,0.577
2020-02-10,0.563
2020-02-07,0.563
2020-02-06,0.572
2020-02-05,0.577
2020-02-04,0.572
2020-02-03,0.567
2020-01-31,0.577
2020-01-30,0.563
2020-01-29,0.598
2020-01-28,0.598
2020-01-27,0.598
2020-01-24,0.598
2020-01-23,0.598
2020-01-22,0.598
2020-01-21,0.598
2020-01-20,0.598
2020-01-17,0.587
2020-01-16,0.608
2020-01-15,0.608
2020-01-14,0.623
2020-01-13,0.632
2020-01-10,0.618
2020-01-09,0.627
2020-01-08,0.623
2020-01-07,0.623
2020-01-06,0.623
2020-01-03,0.632
2020-01-02,0.652
2020-01-01,0.652
2019-12-31,0.652
2019-12-30,0.652
2019-12-27,0.647
2019-12-26,0.647
2019-12-25,0.637
2019-12-24,0.637
2019-12-23,0.647
2019-12-20,0.642
2019-12-19,0.652
2019-12-18,0.647
2019-12-17,0.652
2019-12-16,0.647
2019-12-13,0.658
2019-12-12,0.658
2019-12-11,0.658
2019-12-10,0.652
2019-12-09,0.663
2019-12-06,0.647
2019-12-05,0.652
2019-12-04,0.663
2019-12-03,0.663
2019-12-02,0.668
2019-11-29,0.663
2019-11-28,0.663
2019-11-27,0.663
2019-11-26,0.668
2019-11-25,0.668
2019-11-22,0.668
2019-11-21,0.658
2019-11-20,0.652
2019-11-19,0.678
2019-11-18,0.678
2019-11-15,0.683
2019-11-14,0.673
2019-11-13,0.678
2019-11-12,0.673
2019-11-11,0.673
2019-11-08,0.683
2019-10-31,0.69
2019-10-30,0.69
2019-10-29,0.69
2019-10-28,0.69
2019-10-25,0.69
2019-10-24,0.69
2019-10-23,0.69
2019-10-22,0.67
2019-10-21,0.67
2019-10-18,0.67
2019-10-17,0.66
2019-10-16,0.67
2019-10-15,0.69
2019-10-14,0.71
2019-10-09,0.7
2019-10-08,0.71
2019-10-07,0.71
2019-10-04,0.73
2019-10-03,0.73
2019-10-02,0.73
2019-10-01,0.73
2019-09-27,0.72
2019-09-26,0.723
2019-09-25,0.71
2019-09-24,0.74
2019-09-23,0.73
2019-09-20,0.73
2019-09-19,0.72
2019-09-18,0.72
2019-09-17,0.74
2019-09-16,0.72
2019-09-12,0.71
2019-09-11,0.68
2019-09-10,0.71
2019-09-09,0.68
2019-09-06,0.69
2019-09-05,0.68
2019-09-04,0.68
2019-09-03,0.68
2019-08-30,0.68
2019-08-29,0.68
2019-08-28,0.68
2019-08-27,0.68
2019-08-26,0.65
2019-08-23,0.68
2019-08-22,0.66
2019-08-21,0.66
2019-08-20,0.66
2019-08-19,0.66
2019-08-16,0.64
2019-08-15,0.63
2019-08-14,0.65
2019-08-13,0.64
2019-08-12,0.66
2019-08-08,0.665
2019-08-07,0.675
2019-08-06,0.69
2019-08-05,0.68
2019-08-02,0.7
2019-08-01,0.7
2019-07-31,0.69
2019-07-30,0.695
2019-07-29,0.695
2019-07-26,0.69
2019-07-25,0.674
2019-07-24,0.675
2019-07-23,0.665
2019-07-22,0.665
2019-07-19,0.66
2019-07-18,0.665
2019-07-17,0.683
2019-07-16,0.68
2019-07-15,0.675
2019-07-12,0.67
2019-07-11,0.66
2019-07-10,0.66
2019-07-09,0.656
2019-07-08,0.66
2019-07-05,0.66
2019-07-04,0.66
2019-07-03,0.66
2019-07-02,0.69
2019-07-01,0.695
2019-06-28,0.7
2019-06-27,0.695
2019-06-26,0.69
2019-06-25,0.69
2019-06-24,0.69
2019-06-21,0.695
2019-06-20,0.695
2019-06-19,0.71
2019-06-18,0.71
2019-06-17,0.72
2019-06-14,0.71
2019-06-13,0.71
2019-06-12,0.72
2019-06-11,0.71
2019-06-10,0.695
2019-06-06,0.69
2019-06-05,0.69
2019-06-04,0.69
2019-05-31,0.71
2019-05-30,0.712
2019-05-29,0.715
2019-05-28,0.72
2019-05-27,0.71
2019-05-24,0.71
2019-05-23,0.72
2019-05-22,0.72
2019-05-21,0.72
2019-05-20,0.73
2019-05-17,0.73
2019-05-16,0.73
2019-05-15,0.74
2019-05-14,0.74
2019-05-13,0.745
2019-05-10,0.75
2019-05-09,0.745
2019-05-08,0.745
2019-05-07,0.745
2019-05-06,0.74
2019-05-03,0.76
2019-05-02,0.75
2019-04-30,0.75
2019-04-29,0.75
2019-04-26,0.76
2019-04-25,0.76
2019-04-24,0.77
2019-04-23,0.77
2019-04-22,0.77
2019-04-19,0.77
2019-04-18,0.76
2019-04-17,0.76
2019-04-16,0.75
2019-04-15,0.765
2019-04-12,0.765
2019-04-11,0.765
2019-04-10,0.77
2019-04-09,0.76
2019-04-08,0.75
2019-04-03,0.78
2019-04-02,0.78
2019-04-01,0.78
2019-03-29,0.77
2019-03-28,0.77
2019-03-27,0.78
2019-03-26,0.78
2019-03-25,0.78
2019-03-22,0.79
2019-03-21,0.79
2019-03-20,0.81
2019-03-19,0.8
2019-03-18,0.8
2019-03-15,0.805
2019-03-14,0.82
2019-03-13,0.82
2019-03-12,0.825
2019-03-11,0.83
2019-03-08,0.82
2019-03-07,0.835
2019-03-06,0.835
2019-03-05,0.835
2019-03-04,0.84
2019-02-27,0.825
2019-02-26,0.83
2019-02-25,0.83
2019-02-22,0.83
2019-02-21,0.82
2019-02-20,0.83
2019-02-19,0.825
2019-02-18,0.825
2019-02-15,0.82
2019-02-14,0.84
2019-02-13,0.838
2019-02-12,0.838
2019-02-11,0.825
2019-01-30,0.87
2019-01-29,0.89
2019-01-28,0.87
2019-01-25,0.87
2019-01-24,0.86
2019-01-23,0.85
2019-01-22,0.875
2019-01-21,0.875
2019-01-18,0.875
2019-01-17,0.875
2019-01-16,0.875
2019-01-15,0.875
2019-01-14,0.86
2019-01-11,0.88
2019-01-10,0.88
2019-01-09,0.88
2019-01-08,0.88
2019-01-07,0.87
2019-01-04,0.85
2019-01-03,0.842
2019-01-02,0.845
2018-12-28,0.865
2018-12-27,0.865
2018-12-26,0.86
2018-12-25,0.86
2018-12-24,0.87
2018-12-22,0.87
2018-12-21,0.87
2018-12-20,0.87
2018-12-19,0.88
2018-12-18,0.9
2018-12-17,0.9
2018-12-14,0.9
2018-12-13,0.9
2018-12-12,0.9
2018-12-11,0.9
2018-12-10,0.91
2018-12-07,0.92
2018-12-06,0.91
2018-12-05,0.93
2018-12-04,0.95
2018-12-03,0.97
2018-11-30,0.97
2018-11-29,0.98
2018-11-28,0.98
2018-11-27,0.98
2018-11-26,0.99
2018-11-23,0.93
2018-11-22,0.93
2018-11-21,0.93
2018-11-20,0.91
2018-11-19,0.91
2018-11-16,0.91
2018-11-15,0.91
2018-11-14,0.92
2018-11-13,0.92
2018-11-12,0.91
2018-11-09,0.91
2018-11-08,0.91
2018-11-07,0.91
2018-11-06,0.91
2018-11-05,0.91
2018-11-02,0.9
2018-11-01,0.9
2018-10-31,0.9
2018-10-30,0.9
2018-10-29,0.9
2018-10-26,0.89
2018-10-25,0.92
2018-10-24,0.93
2018-10-23,0.93
2018-10-22,0.93
2018-10-19,0.94
2018-10-18,0.94
2018-10-17,0.93
2018-10-16,0.93
2018-10-15,0.93
2018-10-12,0.94
2018-10-11,0.9
2018-10-09,0.92
2018-10-08,0.92
2018-10-05,0.91
2018-10-04,0.91
2018-10-03,0.88
2018-10-02,0.89
2018-10-01,0.9
2018-09-28,0.89
2018-09-27,0.89
2018-09-26,0.91
2018-09-25,0.92
2018-09-21,0.87
2018-09-20,0.86
2018-09-19,0.85
2018-09-18,0.84
2018-09-17,0.83
2018-09-14,0.835
2018-09-13,0.85
2018-09-12,0.85
2018-09-11,0.85
2018-09-10,0.85
2018-09-07,0.84
2018-09-06,0.84
2018-09-05,0.85
2018-09-04,0.84
2018-09-03,0.84
2018-08-31,0.84
2018-08-30,0.84
2018-08-29,0.84
2018-08-28,0.85
2018-08-27,0.85
2018-08-24,0.85
2018-08-23,0.84
2018-08-22,0.835
2018-08-21,0.83
2018-08-20,0.83
2018-08-17,0.83
2018-08-16,0.82
2018-08-15,0.82
2018-08-14,0.83
2018-08-13,0.83
2018-08-10,0.83
2018-08-09,0.83
2018-08-08,0.835
2018-08-07,0.855
2018-08-06,0.86
2018-08-03,0.87
2018-08-02,0.87
2018-08-01,0.87
2018-07-31,0.87
2018-07-30,0.87
2018-07-27,0.885
2018-07-26,0.88
2018-07-25,0.88
2018-07-24,0.885
2018-07-23,0.875
2018-07-20,0.88
2018-07-19,0.88
2018-07-18,0.875
2018-07-17,0.86
2018-07-16,0.86
2018-07-13,0.87
2018-07-12,0.87
2018-07-11,0.87
2018-07-10,0.92
2018-07-09,0.92
2018-07-06,0.92
2018-07-05,0.92
2018-07-04,0.92
2018-07-03,0.93
2018-07-02,0.94
2018-06-29,0.94
2018-06-28,0.94
2018-06-27,0.95
2018-06-26,0.95
2018-06-25,0.95
2018-06-22,0.95
2018-06-21,0.965
2018-06-20,0.97
2018-06-19,0.97
2018-06-15,0.95
2018-06-14,0.93
2018-06-13,0.95
2018-06-12,0.96
2018-06-11,0.96
2018-06-08,0.96
2018-06-07,0.96
2018-06-06,0.985
2018-06-05,1.0
2018-06-04,1.0
2018-06-01,1.0
2018-05-31,1.0
2018-05-30,1.0
2018-05-29,1.01
2018-05-28,1.01
2018-05-27,1.01
2018-05-26,1.01
2018-05-25,1.01
2018-05-24,1.01
2018-05-23,1.015
2018-05-22,1.02
2018-05-21,1.025
2018-05-20,1.025
2018-05-19,1.025
2018-05-18,1.025
2018-05-17,1.025
2018-05-16,1.025
2018-05-15,1.01
2018-05-14,1.01
2018-05-13,1.01
2018-05-12,1.01
2018-05-11,1.01
2018-05-10,1.01
2018-05-09,1.01
2018-05-08,1.01
2018-05-07,1.013
2018-05-06,1.015
2018-05-05,1.015
2018-05-04,1.015
2018-05-03,1.015
2018-05-02,1.025
2018-05-01,1.02
2018-04-30,1.02
2018-04-29,1.02
2018-04-27,1.02
2018-04-26,1.03
2018-04-25,1.03
2018-04-24,1.03
2018-04-23,1.035
2018-04-22,1.025
2018-04-20,1.025
2018-04-19,1.01
2018-04-18,1.01
2018-04-17,1.01
2018-04-16,1.01
2018-04-15,1.01
2018-04-13,1.01
2018-04-12,1.0
2018-04-11,1.005
2018-04-10,1.005
2018-04-09,1.0
2018-04-08,1.0
2018-04-03,1.0
2018-04-02,0.993
2018-04-01,0.995
2018-03-31,0.995
2018-03-30,1.0
2018-03-29,0.995
2018-03-28,1.005
2018-03-27,1.03
2018-03-26,1.02
2018-03-25,1.005
2018-03-24,1.005
2018-03-23,1.005
2018-03-22,1.005
2018-03-21,1.025
2018-03-20,1.02
2018-03-19,1.01
2018-03-18,1.01
2018-03-16,1.01
2018-03-15,1.0
2018-03-14,1.01
2018-03-13,1.015
2018-03-12,1.007
2018-03-11,0.99
2018-03-09,0.99
2018-03-08,0.992
2018-03-07,0.995
2018-03-06,1.02
2018-03-05,1.007
2018-03-04,1.013
2018-03-02,1.013
2018-03-01,1.032
2018-02-28,1.04
2018-02-27,1.04
2018-02-26,1.044
2018-02-25,1.064
2018-02-23,1.064
2018-02-22,1.07
2018-02-21,1.058
2018-02-18,1.07
2018-02-12,1.07
2018-02-11,1.05
2018-02-09,1.05
2018-02-08,1.043
2018-02-07,1.03
2018-02-06,1.023
2018-02-05,1.076
2018-02-04,1.034
2018-02-02,1.034
2018-02-01,1.037
2018-01-31,1.037
2018-01-30,1.059
2018-01-29,1.048
2018-01-28,1.032
2018-01-26,1.032
2018-01-24,1.046
2018-01-23,1.057
2018-01-22,1.094
2018-01-21,1.092
2018-01-19,1.092
2018-01-18,1.068
2018-01-17,1.095
2018-01-16,1.077
2018-01-15,1.04
2018-01-14,1.037
2018-01-12,1.037
2018-01-11,1.028
2018-01-10,1.048
2018-01-09,1.019
2018-01-08,1.0
2018-01-07,0.98
2018-01-05,0.98
2018-01-04,0.965
2018-01-03,0.925
2018-01-02,0.917
2018-01-01,0.948
2017-12-29,0.948
2017-12-28,0.945
2017-12-27,0.953
2017-12-26,0.969
2017-12-25,0.945
2017-12-24,0.97
2017-12-22,0.97
2017-12-21,1.0
2017-12-20,1.009
2017-12-19,0.99
2017-12-18,0.969
2017-12-17,0.98
2017-12-16,0.98
2017-12-15,0.98
2017-12-14,0.957
2017-12-13,0.963
2017-12-12,0.959
2017-12-11,0.967
2017-12-10,0.965
2017-12-08,0.965
2017-12-07,0.955
2017-12-06,0.963
2017-12-05,0.983
2017-12-04,0.992
2017-12-03,0.999
2017-12-01,0.999
2017-11-30,1.0
2017-11-29,0.986
2017-11-28,0.992
2017-11-27,0.988
2017-11-26,0.997
2017-11-24,0.997
2017-11-23,0.998
2017-11-22,1.007
2017-11-21,1.008
2017-11-20,0.994
2017-11-19,1.015
2017-11-17,1.015
2017-11-16,1.01
2017-11-15,1.018
2017-11-14,1.032
2017-11-13,1.025
2017-11-12,1.018
2017-11-10,1.018
2017-11-09,1.009
2017-11-08,1.008
2017-11-07,1.01
2017-11-06,1.035
2017-11-05,1.031
2017-11-03,1.031
2017-11-02,1.034
2017-11-01,1.045
2017-10-31,1.04
2017-10-30,1.052
2017-10-29,1.062
2017-10-27,1.062
2017-10-26,1.053
2017-10-25,1.061
2017-10-24,1.044
2017-10-23,1.049
2017-10-22,1.043
2017-10-20,1.043
2017-10-19,1.033
2017-10-18,1.02
2017-10-17,1.018
2017-10-16,1.019
2017-10-15,1.025
2017-10-13,1.025
2017-10-12,1.028
2017-10-11,1.038
2017-10-10,1.045
2017-10-06,1.045
2017-10-05,1.028
2017-10-04,1.04
2017-10-03,1.04
2017-10-02,1.035
2017-10-01,1.035
2017-09-30,1.035
2017-09-29,1.035
2017-09-28,1.045
2017-09-27,1.015
2017-09-26,1.01
2017-09-25,1.018
2017-09-24,1.02
2017-09-22,1.02
2017-09-21,1.04
2017-09-20,1.03
2017-09-19,1.023
2017-09-18,1.01
2017-09-17,1.0
2017-09-15,1.0
2017-09-14,1.003
2017-09-13,1.0
2017-09-12,0.995
2017-09-11,0.975
2017-09-10,0.957
2017-09-08,0.957
2017-09-07,0.99
2017-09-06,0.995
2017-09-05,1.02
2017-09-04,1.028
2017-09-03,1.016
2017-09-01,1.016
2017-08-31,1.025
2017-08-30,1.02
2017-08-29,1.015
2017-08-28,1.007
2017-08-27,1.015
2017-08-25,1.015
2017-08-24,1.013
2017-08-23,1.025
2017-08-22,1.04
2017-08-21,1.043
2017-08-20,1.045
2017-08-18,1.045
2017-08-17,1.05
2017-08-16,1.048
2017-08-15,1.05
2017-08-14,1.033
2017-08-13,1.035
2017-08-11,1.035
2017-08-10,1.043
2017-08-09,1.045
2017-08-08,1.053
2017-08-07,1.045
2017-08-06,1.03
2017-08-04,1.03
2017-08-03,1.045
2017-08-02,1.058
2017-08-01,1.055
2017-07-31,1.035
2017-07-30,1.048
2017-07-28,1.048
2017-07-27,1.045
2017-07-26,1.072
2017-07-25,1.05
2017-07-24,1.058
2017-07-23,1.06
2017-07-21,1.06
2017-07-20,1.063
2017-07-19,1.065
2017-07-18,1.07
2017-07-17,1.075
2017-07-16,1.082
2017-07-14,1.082
2017-07-13,1.075
2017-07-12,1.08
2017-07-11,1.1
2017-07-10,1.112
2017-07-09,1.11
2017-07-07,1.11
2017-07-06,1.085
2017-07-05,1.107
2017-07-04,1.105
2017-07-03,1.133
2017-07-02,1.08
2017-07-01,1.08
2017-06-30,1.08
2017-06-29,1.053
2017-06-28,1.055
2017-06-27,1.02
2017-06-26,1.045
2017-06-25,1.06
2017-06-23,1.06
2017-06-22,1.065
2017-06-21,1.08
2017-06-20,1.095
2017-06-19,1.077
2017-06-18,1.1
2017-06-16,1.1
2017-06-15,1.05
2017-06-14,1.072
2017-06-13,1.025
2017-06-12,1.028
2017-06-11,1.025
2017-06-09,1.025
2017-06-08,1.028
2017-06-07,1.015
2017-06-06,1.018
2017-06-05,1.033
2017-06-04,1.03
2017-06-03,1.03
2017-06-02,1.058
2017-06-01,1.055
2017-05-31,1.04
2017-05-30,1.04
2017-05-26,1.04
2017-05-25,1.045
2017-05-24,1.068
2017-05-23,1.06
2017-05-22,1.079
2017-05-21,1.075
2017-05-19,1.075
2017-05-18,1.077
2017-05-17,1.075
2017-05-16,1.058
2017-05-15,1.075
2017-05-14,1.08
2017-05-12,1.08
2017-05-11,1.105
2017-05-10,1.1
2017-05-09,1.115
2017-05-08,1.155
2017-05-07,1.15
2017-05-05,1.15
2017-05-04,1.145
2017-05-03,1.125
2017-05-02,1.13
2017-05-01,1.105
2017-04-28,1.105
2017-04-27,1.1
2017-04-26,1.11
2017-04-25,1.09
2017-04-24,1.1
2017-04-23,1.08
2017-04-22,1.08
2017-04-21,1.08
2017-04-20,1.05
2017-04-19,1.03
2017-04-18,1.03
2017-04-17,1.02
2017-04-16,1.03
2017-04-14,1.03
2017-04-13,1.04
2017-04-12,1.08
2017-04-11,1.1
2017-04-10,1.11
2017-04-09,1.065
2017-04-07,1.065
2017-04-06,1.07
2017-04-05,1.11
2017-04-04,1.115
2017-04-03,1.115
2017-03-31,1.115
2017-03-30,1.1
2017-03-29,1.105
2017-03-28,1.1
2017-03-27,1.11
2017-03-26,1.128
2017-03-24,1.128
2017-03-23,1.14
2017-03-22,1.135
2017-03-21,1.14
2017-03-20,1.122
2017-03-19,1.145
2017-03-18,1.145
2017-03-17,1.145
2017-03-16,1.122
2017-03-15,1.2
2017-03-14,1.21
2017-03-13,1.2
2017-03-12,1.227
2017-03-10,1.227
2017-03-09,1.225
2017-03-08,1.143
2017-03-07,1.145
2017-03-06,1.148
2017-03-05,1.16
2017-03-03,1.16
2017-03-02,1.148
2017-03-01,1.128
2017-02-28,1.07
2017-02-24,1.07
2017-02-23,1.1
2017-02-22,1.115
2017-02-21,1.132
2017-02-20,1.122
2017-02-19,1.115
2017-02-18,1.115
2017-02-17,1.12
2017-02-16,1.125
2017-02-15,1.128
2017-02-14,1.13
2017-02-13,1.15
2017-02-12,1.14
2017-02-10,1.14
2017-02-09,1.12
2017-02-08,1.133
2017-02-07,1.17
2017-02-06,1.245
2017-02-05,1.25
2017-02-03,1.25
2017-02-02,1.19
2017-02-01,1.2
2017-01-27,1.2
2017-01-26,1.2
2017-01-24,1.16
2017-01-23,1.19
2017-01-22,1.19
2017-01-21,1.19
2017-01-20,1.19
2017-01-19,1.19
2017-01-18,1.175
2017-01-17,1.17
2017-01-16,1.18
2017-01-15,1.17
2017-01-13,1.17
2017-01-12,1.16
2017-01-11,1.175
2017-01-10,1.17
2017-01-09,1.19
2017-01-08,1.165
2017-01-06,1.165
2017-01-05,1.125
2017-01-04,1.13
2017-01-03,1.155
2017-01-02,1.21
2016-12-30,1.21
2016-12-29,1.25
2016-12-28,1.285
2016-12-27,1.26
2016-12-26,1.25
2016-12-25,1.27
2016-12-23,1.27
2016-12-22,1.2
2016-12-21,1.195
2016-12-20,1.19
2016-12-19,1.195
2016-12-18,1.19
2016-12-16,1.19
2016-12-15,1.18
2016-12-14,1.12
2016-12-13,1.16
2016-12-12,1.15
2016-12-11,1.14
2016-12-09,1.14
2016-12-08,1.1
2016-12-07,1.075
2016-12-06,1.1
2016-12-05,1.18
2016-12-04,1.185
2016-12-02,1.185
2016-12-01,1.21
2016-11-30,1.128
2016-11-29,1.135
2016-11-28,1.16
2016-11-27,1.27
2016-11-25,1.27
2016-11-24,1.28
2016-11-23,1.295
2016-11-22,1.29
2016-11-21,1.41
2016-11-20,1.3
2016-11-18,1.3
2016-11-17,1.2
2016-11-16,1.185
2016-11-15,1.2
2016-11-14,1.15
2016-11-13,1.08
2016-11-11,1.08
2016-11-10,1.065
2016-11-09,0.96
2016-11-08,1.018
2016-11-07,0.97
2016-11-06,0.945
2016-11-04,0.945
2016-11-03,0.925
2016-11-02,0.92
2016-11-01,0.965
2016-10-31,1.01
2016-10-30,1.025
2016-10-28,1.025
2016-10-27,0.985
2016-10-26,0.96
2016-10-25,0.938
2016-10-24,0.9
2016-10-23,0.865
2016-10-21,0.865
2016-10-20,0.895
2016-10-19,0.885
2016-10-18,0.92
2016-10-17,0.835
2016-10-16,0.815
2016-10-15,0.815
2016-10-14,0.815
2016-10-13,0.78
2016-10-12,0.788
2016-10-11,0.775
2016-10-10,0.772
2016-10-07,0.772
2016-10-06,0.755
2016-10-05,0.76
2016-10-04,0.75
2016-10-03,0.728
2016-10-02,0.717
2016-09-30,0.717
2016-09-29,0.728
2016-09-26,0.73
2016-09-25,0.723
2016-09-24,0.723
2016-09-23,0.723
2016-09-22,0.725
2016-09-21,0.745
2016-09-20,0.738
2016-09-19,0.745
2016-09-18,0.752
2016-09-17,0.752
2016-09-14,0.752
2016-09-13,0.738
2016-09-12,0.723
2016-09-11,0.725
2016-09-10,0.725
2016-09-09,0.683
2016-09-08,0.66
2016-09-07,0.655
2016-09-06,0.675
2016-09-05,0.685
2016-09-04,0.688
2016-09-02,0.688
2016-09-01,0.673
2016-08-31,0.675
2016-08-30,0.67
2016-08-29,0.66
2016-08-28,0.64
2016-08-26,0.64
2016-08-25,0.638
2016-08-24,0.64
2016-08-23,0.645
2016-08-22,0.65
2016-08-21,0.64
2016-08-19,0.64
2016-08-18,0.635
2016-08-17,0.67
2016-08-16,0.683
2016-08-15,0.68
2016-08-14,0.683
2016-08-13,0.683
2016-08-12,0.683
2016-08-11,0.68
2016-08-10,0.688
2016-08-09,0.702
2016-08-08,0.7
2016-08-07,0.69
2016-08-06,0.69
2016-08-05,0.69
2016-08-04,0.685
2016-08-03,0.695
2016-08-02,0.69
2016-08-01,0.685
2016-07-31,0.69
2016-07-29,0.69
2016-07-28,0.678
2016-07-27,0.68
2016-07-26,0.685
2016-07-25,0.673
2016-07-24,0.68
2016-07-22,0.68
2016-07-21,0.67
2016-07-20,0.678
2016-07-19,0.675
2016-07-18,0.68
2016-07-17,0.687
2016-07-15,0.687
2016-07-14,0.675
2016-07-13,0.675
2016-07-12,0.678
2016-07-11,0.668
2016-07-07,0.695
2016-07-06,0.675
2016-07-05,0.71
2016-07-04,0.742
2016-07-03,0.74
2016-07-01,0.74
2016-06-30,0.76
2016-06-29,0.755
2016-06-28,0.75
2016-06-27,0.76
2016-06-26,0.762
2016-06-24,0.762
2016-06-23,0.808
2016-06-22,0.805
2016-06-21,0.803
2016-06-20,0.795
2016-06-19,0.787
2016-06-17,0.787
2016-06-16,0.775
2016-06-15,0.785
2016-06-14,0.772
2016-06-13,0.77
2016-06-12,0.793
2016-06-08,0.793
2016-06-07,0.795
2016-06-06,0.795
2016-06-05,0.8
2016-06-04,0.8
2016-06-03,0.817
2016-06-02,0.822
2016-06-01,0.82
2016-05-31,0.832
2016-05-30,0.835
2016-05-29,0.83
2016-05-27,0.83
2016-05-26,0.84
2016-05-25,0.845
2016-05-24,0.835
2016-05-23,0.845
2016-05-22,0.853
2016-05-20,0.853
2016-05-19,0.868
2016-05-18,0.845
2016-05-17,0.835
2016-05-16,0.81
2016-05-15,0.817
2016-05-13,0.817
2016-05-12,0.813
2016-05-11,0.803
2016-05-10,0.82
2016-05-09,0.832
2016-05-08,0.835
2016-05-06,0.835
2016-05-05,0.84
2016-05-04,0.842
2016-05-03,0.863
2016-05-02,0.86
2016-04-29,0.86
2016-04-28,0.865
2016-04-27,0.873
2016-04-26,0.87
2016-04-25,0.865
2016-04-24,0.868
2016-04-22,0.868
2016-04-21,0.865
2016-04-20,0.853
2016-04-19,0.86
2016-04-18,0.855
2016-04-17,0.868
2016-04-15,0.868
2016-04-14,0.86
2016-04-13,0.855
2016-04-12,0.85
2016-04-11,0.83
2016-04-10,0.82
2016-04-08,0.82
2016-04-07,0.827
2016-04-06,0.825
2016-04-05,0.85
2016-04-04,0.85
2016-04-01,0.85
2016-03-31,0.86
2016-03-30,0.85
2016-03-29,0.86
2016-03-28,0.88
2016-03-27,0.822
2016-03-25,0.822
2016-03-24,0.805
2016-03-23,0.813
2016-03-22,0.798
2016-03-21,0.775
2016-03-20,0.785
2016-03-18,0.785
2016-03-17,0.815
2016-03-16,0.832
2016-03-15,0.83
2016-03-14,0.845
2016-03-13,0.825
2016-03-11,0.825
2016-03-10,0.813
2016-03-09,0.81
2016-03-08,0.827
2016-03-07,0.825
2016-03-06,0.82
2016-03-04,0.82
2016-03-03,0.842
2016-03-02,0.845
2016-03-01,0.845
2016-02-29,0.855
2016-02-26,0.855
2016-02-25,0.865
2016-02-24,0.86
2016-02-23,0.85
2016-02-22,0.86
2016-02-21,0.855
2016-02-19,0.855
2016-02-18,0.865
2016-02-17,0.868
2016-02-16,0.875
2016-02-15,0.86
2016-02-14,0.89
2016-02-03,0.89
2016-02-02,0.92
2016-02-01,0.918
2016-01-31,0.915
2016-01-30,0.915
2016-01-29,0.98
2016-01-28,1.0
2016-01-27,0.988
2016-01-26,0.983
2016-01-25,1.0
2016-01-24,0.99
2016-01-22,0.99
2016-01-21,0.98
2016-01-20,0.955
2016-01-19,0.978
2016-01-18,0.98
2016-01-17,0.975
2016-01-15,0.975
2016-01-14,0.967
2016-01-13,0.995
2016-01-12,1.005
2016-01-11,1.01
2016-01-10,1.03
2016-01-08,1.03
2016-01-07,1.035
2016-01-06,1.04
2016-01-05,1.055
2016-01-04,1.005
2016-01-03,1.015
2015-12-31,1.015
2015-12-30,1.033
2015-12-29,1.025
2015-12-28,1.04
2015-12-27,1.025
2015-12-25,1.025
2015-12-24,0.995
2015-12-23,1.035
2015-12-22,1.035
2015-12-21,1.053
2015-12-20,1.085
2015-12-18,1.085
2015-12-17,1.178
2015-12-16,1.18
2015-12-15,1.185
2015-12-14,1.18
2015-12-13,1.175
2015-12-12,1.175
2015-12-11,1.175
2015-12-10,1.175
2015-12-09,1.168
2015-12-08,1.16
2015-12-07,1.15
2015-12-06,1.16
2015-12-04,1.16
2015-12-03,1.15
2015-12-02,1.143
2015-12-01,1.145
2015-11-30,1.15
2015-11-29,1.148
2015-11-27,1.148
2015-11-26,1.14
2015-11-25,1.143
2015-11-24,1.14
2015-11-23,1.155
2015-11-22,1.16
2015-11-20,1.16
2015-11-19,1.183
2015-11-18,1.18
2015-11-17,1.188
2015-11-16,1.185
2015-11-15,1.188
2015-11-13,1.188
2015-11-12,1.19
2015-11-11,1.185
2015-11-10,1.183
2015-11-09,1.225
2015-11-08,1.197
2015-11-06,1.197
2015-11-05,1.192
2015-11-04,1.222
2015-11-03,1.225
2015-11-02,1.21
2015-11-01,1.2
2015-10-30,1.2
2015-10-29,1.188
2015-10-28,1.18
2015-10-27,1.185
2015-10-26,1.19
2015-10-25,1.18
2015-10-23,1.18
2015-10-22,1.185
2015-10-21,1.19
2015-10-20,1.195
2015-10-19,1.2
2015-10-18,1.19
2015-10-16,1.19
2015-10-15,1.188
2015-10-14,1.19
2015-10-13,1.185
2015-10-12,1.19
2015-10-11,1.185
2015-10-08,1.185
2015-10-07,1.19
2015-10-06,1.195
2015-10-05,1.2
2015-10-04,1.178
2015-10-03,1.178
2015-10-02,1.178
2015-10-01,1.18
2015-09-30,1.15
2015-09-28,1.148
2015-09-27,1.148
2015-09-25,1.148
2015-09-24,1.195
2015-09-23,1.18
2015-09-22,1.195
2015-09-21,1.192
2015-09-20,1.195
2015-09-18,1.195
2015-09-17,1.26
2015-09-16,1.25
2015-09-15,1.207
2015-09-14,1.207
2015-09-13,1.205
2015-09-11,1.205
2015-09-10,1.195
2015-09-09,1.205
2015-09-08,1.165
2015-09-07,1.135
2015-09-06,1.125
2015-09-04,1.125
2015-09-03,1.145
2015-09-02,1.155
2015-09-01,1.17
2015-08-31,1.135
2015-08-30,1.14
2015-08-28,1.14
2015-08-27,1.13
2015-08-26,1.065
2015-08-25,1.065
2015-08-24,1.097
2015-08-23,1.165
2015-08-21,1.165
2015-08-20,1.19
2015-08-19,1.192
2015-08-18,1.21
2015-08-17,1.163
2015-08-16,1.205
2015-08-14,1.205
2015-08-13,1.24
2015-08-12,1.242
2015-08-11,1.3
2015-08-10,1.38
2015-08-09,1.395
2015-08-07,1.395
2015-08-06,1.415
2015-08-05,1.435
2015-08-04,1.425
2015-08-03,1.45
2015-08-02,1.45
2015-07-31,1.45
2015-07-30,1.477
2015-07-29,1.475
2015-07-28,1.475
2015-07-27,1.472
2015-07-26,1.47
2015-07-24,1.47
2015-07-23,1.48
2015-07-22,1.485
2015-07-21,1.482
2015-07-20,1.485
2015-07-19,1.487
2015-07-18,1.487
2015-07-17,1.487
2015-07-16,1.492
2015-07-15,1.487
2015-07-14,1.495
2015-07-13,1.5
2015-07-09,1.5
2015-07-08,1.49
2015-07-07,1.505
2015-07-06,1.505
2015-07-05,1.515
2015-07-03,1.515
2015-07-02,1.525
2015-07-01,1.515
2015-06-30,1.506
2015-06-29,1.5
2015-06-28,1.513
2015-06-26,1.513
2015-06-25,1.51
2015-06-24,1.515
2015-06-23,1.52
2015-06-22,1.51
2015-06-21,1.5
2015-06-18,1.5
2015-06-17,1.515
2015-06-16,1.525
2015-06-15,1.53
2015-06-14,1.53
2015-06-12,1.53
2015-06-11,1.55
2015-06-10,1.555
2015-06-09,1.545
2015-06-08,1.58
2015-06-07,1.58
2015-06-05,1.58
2015-06-04,1.59
2015-06-03,1.56
2015-06-02,1.543
2015-06-01,1.533
2015-05-31,1.537
2015-05-30,1.537
2015-05-29,1.537
2015-05-28,1.528
2015-05-27,1.53
2015-05-26,1.54
2015-05-25,1.55
2015-05-24,1.555
2015-05-22,1.555
2015-05-21,1.55
2015-05-20,1.57
2015-05-19,1.59
2015-05-18,1.57
2015-05-17,1.572
2015-05-15,1.572
2015-05-14,1.607
2015-05-13,1.61
2015-05-12,1.625
2015-05-11,1.595
2015-05-10,1.615
2015-05-08,1.615
2015-05-07,1.635
2015-05-06,1.6
2015-05-05,1.61
2015-05-04,1.61
2015-05-03,1.575
2015-04-30,1.575
2015-04-29,1.56
2015-04-28,1.55
2015-04-27,1.56
2015-04-26,1.567
2015-04-24,1.567
2015-04-23,1.57
2015-04-22,1.55
2015-04-21,1.535
2015-04-20,1.54
2015-04-19,1.535
2015-04-17,1.535
2015-04-16,1.53
2015-04-15,1.523
2015-04-14,1.53
2015-04-13,1.535
2015-04-12,1.54
2015-04-10,1.54
2015-04-09,1.535
2015-04-08,1.525
2015-04-07,1.55
2015-04-06,1.548
2015-04-02,1.548
2015-04-01,1.545
2015-03-31,1.548
2015-03-30,1.545
2015-03-29,1.548
2015-03-27,1.548
2015-03-26,1.543
2015-03-25,1.54
2015-03-24,1.553
2015-03-23,1.56
2015-03-22,1.577
2015-03-20,1.577
2015-03-19,1.575
2015-03-18,1.605
2015-03-17,1.602
2015-03-16,1.612
2015-03-15,1.625
2015-03-13,1.625
2015-03-12,1.615
2015-03-11,1.63
2015-03-10,1.64
2015-03-09,1.66
2015-03-08,1.625
2015-03-06,1.625
2015-03-05,1.628
2015-03-04,1.635
2015-03-03,1.633
2015-03-02,1.61
2015-03-01,1.59
2015-02-26,1.59
2015-02-25,1.6
2015-02-24,1.62
2015-02-19,1.63
2015-02-16,1.63
2015-02-15,1.63
2015-02-13,1.63
2015-02-12,1.615
2015-02-11,1.595
2015-02-09,1.595
2015-02-08,1.555
2015-02-06,1.555
2015-02-05,1.55
2015-02-04,1.55
2015-02-03,1.49
2015-02-02,1.49
2015-02-01,1.482
2015-01-30,1.482
2015-01-29,1.492
2015-01-28,1.503
2015-01-27,1.505
2015-01-26,1.49
2015-01-25,1.515
2015-01-23,1.515
2015-01-22,1.545
2015-01-21,1.54
2015-01-20,1.55
2015-01-19,1.505
2015-01-18,1.48
2015-01-16,1.48
2015-01-15,1.533
2015-01-14,1.518
2015-01-13,1.52
2015-01-12,1.535
2015-01-11,1.57
2015-01-09,1.57
2015-01-08,1.56
2015-01-07,1.548
2015-01-06,1.56
2015-01-05,1.59
2014-12-30,1.61
2014-12-29,1.612
2014-12-28,1.61
2014-12-26,1.61
2014-12-25,1.62
2014-12-24,1.625
2014-12-23,1.602
2014-12-22,1.6
2014-12-21,1.612
2014-12-19,1.612
2014-12-18,1.597
2014-12-17,1.587
2014-12-16,1.59
2014-12-15,1.595
2014-12-14,1.607
2014-12-12,1.607
2014-12-11,1.617
2014-12-09,1.633
2014-12-08,1.66
2014-12-07,1.595
2014-12-05,1.595
2014-12-04,1.607
2014-12-03,1.617
2014-12-02,1.593
2014-12-01,1.582
2014-11-30,1.592
2014-11-28,1.592
2014-11-27,1.597
2014-11-26,1.585
2014-11-25,1.622
2014-11-23,1.638
2014-11-21,1.638
2014-11-20,1.633
2014-11-19,1.635
2014-11-18,1.633
2014-11-16,1.64
2014-11-15,1.64
2014-11-14,1.64
2014-11-13,1.64
2014-11-12,1.634
2014-11-11,1.64
2014-11-10,1.626
2014-11-09,1.635
2014-11-07,1.635
2014-11-06,1.613
2014-11-05,1.629
2014-11-04,1.65
2014-11-03,1.648
2014-11-02,1.64
2014-10-31,1.64
2014-10-30,1.645
2014-10-29,1.643
2014-10-28,1.645
2014-10-27,1.65
2014-10-26,1.635
2014-10-24,1.635
2014-10-23,1.635
2014-10-22,1.622
2014-10-21,1.605
2014-10-19,1.59
2014-10-17,1.59
2014-10-16,1.595
2014-10-15,1.65
2014-10-14,1.655
2014-10-13,1.675
2014-10-12,1.695
2014-10-09,1.695
2014-10-08,1.7
2014-10-07,1.715
2014-10-06,1.72
2014-10-05,1.76
2014-10-03,1.76
2014-10-02,1.705
2014-10-01,1.722
2014-09-30,1.76
2014-09-29,1.74
2014-09-28,1.737
2014-09-27,1.737
2014-09-26,1.737
2014-09-25,1.73
2014-09-24,1.725
2014-09-23,1.732
2014-09-22,1.747
2014-09-21,1.75
2014-09-19,1.75
2014-09-18,1.75
2014-09-17,1.74
2014-09-16,1.73
2014-09-15,1.755
2014-09-14,1.758
2014-09-13,1.758
2014-09-12,1.758
2014-09-11,1.747
2014-09-10,1.717
2014-09-09,1.715
2014-09-08,1.695
2014-09-05,1.695
2014-09-04,1.63
2014-09-03,1.64
2014-09-02,1.63
2014-09-01,1.63
2014-08-31,1.62
2014-08-29,1.62
2014-08-28,1.62
2014-08-27,1.62
2014-08-26,1.62
2014-08-25,1.617
2014-08-24,1.615
2014-08-22,1.615
2014-08-21,1.62
2014-08-20,1.595
2014-08-19,1.59
2014-08-18,1.585
2014-08-17,1.64
2014-08-15,1.64
2014-08-14,1.59
2014-08-13,1.595
2014-08-12,1.587
2014-08-11,1.59
2014-08-10,1.58
2014-08-08,1.58
2014-08-07,1.605
2014-08-06,1.61
2014-08-05,1.6
2014-08-04,1.6
2014-08-03,1.605
2014-08-02,1.605
2014-08-01,1.605
2014-07-31,1.61
2014-07-30,1.605
2014-07-29,1.605
2014-07-28,1.61
2014-07-27,1.61
2014-07-25,1.61
2014-07-24,1.6
2014-07-22,1.605
2014-07-21,1.625
2014-07-20,1.628
2014-07-18,1.628
2014-07-17,1.633
2014-07-16,1.64
2014-07-15,1.63
2014-07-14,1.64
2014-07-13,1.625
2014-07-12,1.625
2014-07-11,1.625
2014-07-10,1.63
2014-07-09,1.63
2014-07-08,1.63
2014-07-07,1.645
2014-07-06,1.62
2014-07-04,1.62
2014-07-03,1.635
2014-07-02,1.6
2014-07-01,1.62
2014-06-30,1.59
2014-06-29,1.575
2014-06-27,1.575
2014-06-26,1.6
2014-06-25,1.63
2014-06-24,1.64
2014-06-23,1.612
2014-06-22,1.617
2014-06-20,1.617
2014-06-19,1.6
2014-06-18,1.665
2014-06-17,1.585
2014-06-16,1.545
2014-06-15,1.555
2014-06-13,1.555
2014-06-12,1.558
2014-06-11,1.555
2014-06-10,1.54
2014-06-09,1.553
2014-06-08,1.533
2014-06-06,1.533
2014-06-05,1.535
2014-06-04,1.538
2014-06-03,1.52
2014-06-02,1.51
2014-05-30,1.51
2014-05-29,1.495
2014-05-28,1.513
2014-05-27,1.525
2014-05-26,1.515
2014-05-25,1.503
2014-05-23,1.503
2014-05-22,1.5
2014-05-21,1.475
2014-05-20,1.485
2014-05-19,1.487
2014-05-18,1.5
2014-05-16,1.5
2014-05-15,1.497
2014-05-14,1.523
2014-05-13,1.54
2014-05-12,1.535
2014-05-11,1.538
2014-05-09,1.538
2014-05-08,1.543
2014-05-07,1.538
2014-05-06,1.545
2014-05-05,1.53
2014-05-04,1.535
2014-05-02,1.535
2014-05-01,1.548
2014-04-30,1.548
2014-04-28,1.55
2014-04-27,1.538
2014-04-25,1.538
2014-04-24,1.56
2014-04-23,1.555
2014-04-22,1.555
2014-04-21,1.567
2014-04-20,1.58
2014-04-18,1.58
2014-04-17,1.551
2014-04-16,1.61
2014-04-15,1.58
2014-04-14,1.582
2014-04-13,1.58
2014-04-11,1.58
2014-04-10,1.577
2014-04-09,1.575
2014-04-08,1.582
2014-04-07,1.587
2014-04-06,1.605
2014-04-03,1.605
2014-04-02,1.615
2014-04-01,1.607
2014-03-31,1.597
2014-03-30,1.59
2014-03-28,1.59
2014-03-27,1.602
2014-03-26,1.61
2014-03-25,1.622
2014-03-24,1.6
2014-03-23,1.595
2014-03-21,1.595
2014-03-20,1.59
2014-03-19,1.58
2014-03-18,1.585
2014-03-17,1.587
2014-03-16,1.582
2014-03-14,1.582
2014-03-13,1.597
2014-03-12,1.585
2014-03-11,1.602
2014-03-10,1.605
2014-03-09,1.6
2014-03-07,1.6
2014-03-06,1.606
2014-03-05,1.612
2014-03-04,1.6
2014-03-03,1.595
2014-02-26,1.58
2014-02-25,1.585
2014-02-24,1.597
2014-02-23,1.6
2014-02-21,1.6
2014-02-20,1.595
2014-02-19,1.587
2014-02-18,1.597
2014-02-17,1.585
2014-02-16,1.58
2014-02-14,1.58
2014-02-13,1.61
2014-02-12,1.62
2014-02-11,1.615
2014-02-10,1.645
2014-02-09,1.64
2014-02-07,1.64
2014-02-06,1.635
2014-02-05,1.62
2014-02-04,1.65
2014-01-27,1.65
2014-01-26,1.655
2014-01-24,1.655
2014-01-23,1.66
2014-01-22,1.66
2014-01-21,1.66
2014-01-20,1.673
2014-01-19,1.7
2014-01-17,1.7
2014-01-16,1.675
2014-01-15,1.69
2014-01-14,1.655
2014-01-13,1.64
2014-01-12,1.66
2014-01-10,1.66
2014-01-09,1.69
2014-01-08,1.697
2014-01-07,1.686
2014-01-06,1.692
2014-01-05,1.695
2014-01-03,1.695
2014-01-02,1.7
2014-01-01,1.69
2013-12-31,1.69
2013-12-30,1.7
2013-12-29,1.69
2013-12-27,1.69
2013-12-26,1.675
2013-12-25,1.68
2013-12-24,1.685
2013-12-23,1.652
2013-12-22,1.655
2013-12-20,1.655
2013-12-19,1.64
2013-12-18,1.655
2013-12-17,1.68
2013-12-16,1.675
2013-12-15,1.69
2013-12-13,1.69
2013-12-12,1.688
2013-12-11,1.67
2013-12-10,1.67
2013-12-09,1.68
2013-12-06,1.704
2013-12-05,1.722
2013-12-04,1.725
2013-12-03,1.717
2013-12-02,1.69
2013-11-29,1.685
2013-11-28,1.75
2013-11-27,1.65
2013-11-26,1.69
2013-11-25,1.73
2013-11-22,1.735
2013-11-21,1.74
2013-11-20,1.722
2013-11-19,1.725
2013-11-18,1.74
2013-11-17,1.73
2013-11-15,1.73
2013-11-14,1.725
2013-11-13,1.735
2013-11-12,1.742
2013-11-11,1.745
2013-11-08,1.705
2013-11-07,1.71
2013-11-06,1.73
2013-11-05,1.705
2013-11-04,1.71
2013-11-03,1.67
2013-11-01,1.67
2013-10-31,1.63
2013-10-30,1.62
2013-10-29,1.65
2013-10-28,1.64
2013-10-27,1.63
2013-10-25,1.63
2013-10-24,1.625
2013-10-23,1.61
2013-10-22,1.655
2013-10-21,1.64
2013-10-18,1.645
2013-10-17,1.655
2013-10-16,1.68
2013-10-15,1.685
2013-10-14,1.68
2013-10-11,1.685
2013-10-10,1.66
2013-10-09,1.66
2013-10-08,1.655
2013-10-07,1.67
2013-10-04,1.668
2013-10-03,1.663
2013-10-02,1.67
2013-10-01,1.705
2013-09-30,1.692
2013-09-29,1.73
2013-09-27,1.73
2013-09-26,1.633
2013-09-25,1.645
2013-09-24,1.66
2013-09-23,1.655
2013-09-22,1.692
2013-09-18,1.692
2013-09-17,1.715
2013-09-16,1.725
2013-09-15,1.75
2013-09-12,1.75
2013-09-11,1.74
2013-09-08,1.76
2013-09-07,1.76
2013-09-06,1.76
2013-09-05,1.74
2013-09-04,1.73
2013-09-03,1.71
2013-09-02,1.7
2013-09-01,1.7
2013-08-30,1.7
2013-08-29,1.71
2013-08-28,1.774
2013-08-27,1.699
2013-08-26,1.69
2013-08-23,1.688
2013-08-22,1.7
2013-08-20,1.65
2013-08-19,1.677
2013-08-16,1.638
2013-08-15,1.625
2013-08-14,1.645
2013-08-13,1.575
2013-08-12,1.535
2013-08-11,1.545
2013-08-10,1.545
2013-08-09,1.542
2013-08-08,1.54
2013-08-07,1.555
2013-08-06,1.552
2013-08-05,1.545
2013-08-02,1.585
2013-08-01,1.51
2013-07-31,1.53
2013-07-30,1.515
2013-07-29,1.48
2013-07-26,1.468
2013-07-25,1.47
2013-07-24,1.45
2013-07-23,1.47
2013-07-22,1.485
2013-07-19,1.48
2013-07-18,1.45
2013-07-17,1.45
2013-07-16,1.468
2013-07-15,1.478
2013-07-11,1.492
2013-07-09,1.533
2013-07-08,1.561
2013-07-05,1.546
2013-07-04,1.49
2013-07-03,1.466
2013-07-02,1.445
2013-07-01,1.45
2013-06-28,1.42
2013-06-27,1.425
2013-06-26,1.427
2013-06-25,1.45
2013-06-24,1.47
2013-06-23,1.43
2013-06-21,1.43
2013-06-20,1.395
2013-06-19,1.361
2013-06-18,1.365
2013-06-17,1.36
2013-06-16,1.369
2013-06-14,1.365
2013-06-13,1.362
2013-06-11,1.36
2013-06-10,1.35
2013-06-08,1.33
2013-06-07,1.33
2013-06-06,1.335
2013-06-05,1.35
2013-06-04,1.341
2013-06-03,1.345
2013-05-31,1.337
2013-05-30,1.343
2013-05-29,1.35
2013-05-28,1.296
2013-05-27,1.286
2013-05-25,1.3
2013-05-24,1.3
2013-05-23,1.31
2013-05-22,1.295
2013-05-21,1.29
2013-05-20,1.3
2013-05-17,1.262
2013-05-16,1.275
2013-05-15,1.28
2013-05-14,1.245
2013-05-13,1.25
2013-05-10,1.22
2013-05-09,1.189
2013-05-07,1.205
2013-05-06,1.187
2013-05-03,1.173
2013-04-30,1.195
2013-04-29,1.236
2013-04-26,1.236
2013-04-25,1.238
2013-04-24,1.248
2013-04-23,1.25
2013-04-22,1.26
2013-04-19,1.25
2013-04-17,1.24
2013-04-16,1.265
2013-04-15,1.3
2013-04-12,1.29
2013-04-11,1.295
2013-04-10,1.28
2013-04-09,1.295
2013-04-08,1.266
2013-04-03,1.315
2013-04-02,1.312
2013-04-01,1.32
2013-03-29,1.308
2013-03-28,1.3
2013-03-27,1.317
2013-03-26,1.317
2013-03-25,1.308
2013-03-22,1.305
2013-03-21,1.325
2013-03-20,1.32
2013-03-19,1.329
2013-03-18,1.3
2013-03-17,1.32
2013-03-15,1.32
2013-03-14,1.312
2013-03-13,1.316
2013-03-12,1.38
2013-03-11,1.38
2013-03-08,1.285
2013-03-07,1.225
2013-03-06,1.215
2013-03-05,1.21
2013-03-04,1.205
2013-03-01,1.218
2013-02-27,1.215
2013-02-26,1.21
2013-02-25,1.228
2013-02-23,1.23
2013-02-22,1.22
2013-02-21,1.214
2013-02-20,1.215
2013-02-19,1.212
2013-02-18,1.212
2013-02-17,1.22
2013-02-14,1.22
2013-02-13,1.22
2013-02-09,1.22
2013-02-06,1.225
2013-02-05,1.21
2013-02-04,1.232
2013-02-01,1.188
2013-01-31,1.195
2013-01-30,1.209
2013-01-29,1.198
2013-01-28,1.179
2013-01-25,1.189
2013-01-24,1.189
2013-01-23,1.177
2013-01-22,1.183
2013-01-21,1.177
2013-01-18,1.165
2013-01-17,1.169
2013-01-16,1.165
2013-01-15,1.17
2013-01-14,1.179
2013-01-13,1.173
2013-01-11,1.173
2013-01-10,1.175
2013-01-09,1.177
2013-01-08,1.175
2013-01-07,1.177
2013-01-04,1.175
2013-01-03,1.16
2013-01-02,1.163
2013-01-01,1.17
2012-12-30,1.17
2012-12-28,1.17
2012-12-27,1.173
2012-12-26,1.17
2012-12-25,1.16
2012-12-24,1.175
2012-12-23,1.153
2012-12-22,1.166
2012-12-21,1.153
2012-12-20,1.151
2012-12-19,1.168
2012-12-18,1.153
2012-12-17,1.15
2012-12-14,1.144
2012-12-13,1.147
2012-12-12,1.145
2012-12-11,1.138
2012-12-10,1.137
2012-12-07,1.14
2012-12-06,1.137
2012-12-05,1.14
2012-12-04,1.137
2012-12-03,1.135
2012-11-30,1.137
2012-11-29,1.133
2012-11-28,1.133
2012-11-27,1.139
2012-11-26,1.141
2012-11-23,1.137
2012-11-22,1.13
2012-11-21,1.121
2012-11-20,1.119
2012-11-19,1.119
2012-11-16,1.122
2012-11-15,1.125
2012-11-14,1.121
2012-11-13,1.119
2012-11-12,1.125
2012-11-09,1.123
2012-11-08,1.134
2012-11-07,1.139
2012-11-06,1.143
2012-11-05,1.136
2012-11-03,1.135
2012-11-02,1.133
2012-11-01,1.13
2012-10-31,1.13
2012-10-30,1.139
2012-10-29,1.161
2012-10-26,1.145
2012-10-25,1.147
2012-10-24,1.143
2012-10-23,1.143
2012-10-22,1.146
2012-10-19,1.173
2012-10-18,1.163
2012-10-17,1.155
2012-10-16,1.144
2012-10-15,1.137
2012-10-12,1.137
2012-10-11,1.14
2012-10-10,1.143
2012-10-09,1.143
2012-10-08,1.145
2012-10-05,1.15
2012-10-04,1.15
2012-10-03,1.145
2012-10-02,1.163
2012-10-01,1.173
2012-09-28,1.172
2012-09-27,1.173
2012-09-26,1.17
2012-09-25,1.175
2012-09-24,1.18
2012-09-23,1.183
2012-09-22,1.183
2012-09-21,1.184
2012-09-20,1.18
2012-09-19,1.195
2012-09-18,1.208
2012-09-17,1.214
2012-09-14,1.205
2012-09-13,1.196
2012-09-12,1.211
2012-09-11,1.198
2012-09-10,1.189
2012-09-07,1.195
2012-09-06,1.185
2012-09-05,1.183
2012-09-04,1.185
2012-09-03,1.183
2012-08-31,1.188
2012-08-30,1.188
2012-08-29,1.185
2012-08-28,1.185
2012-08-27,1.197
2012-08-24,1.185
2012-08-23,1.197
2012-08-22,1.19
2012-08-21,1.195
2012-08-20,1.185
2012-08-17,1.186
2012-08-16,1.19
2012-08-15,1.18
2012-08-14,1.181
2012-08-13,1.181
2012-08-10,1.194
2012-08-09,1.195
2012-08-08,1.177
2012-08-07,1.185
2012-08-06,1.19
2012-08-03,1.163
2012-08-01,1.161
2012-07-31,1.176
2012-07-30,1.173
2012-07-27,1.146
2012-07-26,1.135
2012-07-25,1.131
2012-07-24,1.145
2012-07-23,1.147
2012-07-20,1.16
2012-07-19,1.149
2012-07-18,1.15
2012-07-17,1.151
2012-07-16,1.155
2012-07-13,1.141
2012-07-12,1.18
2012-07-10,1.19
2012-07-09,1.21
2012-07-06,1.22
2012-07-05,1.23
2012-07-04,1.235
2012-07-03,1.228
2012-07-02,1.233
2012-06-29,1.23
2012-06-28,1.219
2012-06-27,1.211
2012-06-26,1.204
2012-06-25,1.206
2012-06-22,1.21
2012-06-21,1.194
2012-06-20,1.199
2012-06-19,1.191
2012-06-18,1.198
2012-06-15,1.194
2012-06-14,1.199
2012-06-13,1.192
2012-06-12,1.183
2012-06-11,1.192
2012-06-08,1.173
2012-06-07,1.192
2012-06-06,1.198
2012-06-05,1.188
2012-06-04,1.18
2012-06-01,1.202
2012-05-31,1.21
2012-05-30,1.242
2012-05-29,1.255
2012-05-28,1.248
2012-05-25,1.245
2012-05-24,1.24
2012-05-23,1.242
2012-05-22,1.245
2012-05-21,1.245
2012-05-18,1.232
2012-05-17,1.25
2012-05-16,1.23
2012-05-15,1.24
2012-05-14,1.242
2012-05-11,1.24
2012-05-10,1.244
2012-05-09,1.25
2012-05-08,1.235
2012-05-07,1.238
2012-05-04,1.273
2012-05-03,1.278
2012-05-02,1.283
2012-04-30,1.285
2012-04-27,1.28
2012-04-26,1.279
2012-04-25,1.28
2012-04-24,1.3
2012-04-23,1.288
2012-04-20,1.288
2012-04-19,1.29
2012-04-18,1.28
2012-04-17,1.287
2012-04-16,1.285
2012-04-13,1.288
2012-04-12,1.28
2012-04-11,1.28
2012-04-10,1.28
2012-04-09,1.279
2012-04-06,1.276
2012-04-05,1.286
2012-04-03,1.28
2012-04-02,1.286
2012-03-30,1.272
2012-03-29,1.278
2012-03-28,1.275
2012-03-27,1.28
2012-03-26,1.29
2012-03-23,1.288
2012-03-22,1.292
2012-03-21,1.3
2012-03-20,1.298
2012-03-19,1.295
2012-03-16,1.3
2012-03-15,1.31
2012-03-14,1.28
2012-03-13,1.264
2012-03-12,1.262
2012-03-09,1.267
2012-03-08,1.26
2012-03-07,1.259
2012-03-06,1.255
2012-03-05,1.259
2012-03-03,1.268
2012-03-02,1.304
2012-03-01,1.302
2012-02-29,1.304
2012-02-24,1.294
2012-02-23,1.298
2012-02-22,1.304
2012-02-21,1.299
2012-02-20,1.302
2012-02-17,1.305
2012-02-16,1.29
2012-02-15,1.292
2012-02-14,1.302
2012-02-13,1.298
2012-02-10,1.3
2012-02-09,1.295
2012-02-08,1.29
2012-02-07,1.288
2012-02-06,1.28
2012-02-04,1.32
2012-02-03,1.282
2012-02-02,1.271
2012-02-01,1.265
2012-01-31,1.271
2012-01-30,1.27
2012-01-18,1.298
2012-01-17,1.289
2012-01-16,1.285
2012-01-13,1.291
2012-01-12,1.281
2012-01-11,1.289
2012-01-10,1.299
2012-01-09,1.297
2012-01-06,1.312
2012-01-05,1.315
2012-01-04,1.3
2012-01-03,1.289
2012-01-02,1.29
2011-12-30,1.29
2011-12-29,1.275
2011-12-28,1.279
2011-12-27,1.275
2011-12-26,1.294
2011-12-23,1.29
2011-12-22,1.28
2011-12-21,1.285
2011-12-20,1.272
2011-12-19,1.256
2011-12-16,1.251
2011-12-15,1.248
2011-12-14,1.27
2011-12-13,1.262
2011-12-12,1.268
2011-12-09,1.262
2011-12-08,1.284
2011-12-07,1.286
2011-12-06,1.299
2011-12-05,1.295
2011-12-02,1.307
2011-12-01,1.327
2011-11-30,1.322
2011-11-29,1.327
2011-11-28,1.335
2011-11-25,1.35
2011-11-24,1.316
2011-11-23,1.325
2011-11-22,1.326
2011-11-21,1.327
2011-11-18,1.325
2011-11-17,1.34
2011-11-16,1.333
2011-11-15,1.335
2011-11-14,1.343
2011-11-11,1.334
2011-11-10,1.328
2011-11-09,1.34
2011-11-08,1.341
2011-11-07,1.337
2011-11-04,1.333
2011-11-03,1.333
2011-11-02,1.335
2011-11-01,1.345
2011-10-31,1.377
2011-10-28,1.385
2011-10-27,1.373
2011-10-26,1.367
2011-10-25,1.36
2011-10-24,1.359
2011-10-21,1.32
2011-10-20,1.315
2011-10-19,1.318
2011-10-18,1.308
2011-10-17,1.335
2011-10-14,1.312
2011-10-13,1.305
2011-10-12,1.315
2011-10-11,1.329
2011-10-07,1.325
2011-10-06,1.272
2011-10-05,1.275
2011-10-04,1.265
2011-10-03,1.268
2011-09-30,1.278
2011-09-29,1.31
2011-09-28,1.288
2011-09-27,1.288
2011-09-26,1.321
2011-09-23,1.34
2011-09-22,1.37
2011-09-21,1.37
2011-09-20,1.35
2011-09-19,1.36
2011-09-16,1.375
2011-09-15,1.343
2011-09-14,1.343
2011-09-13,1.36
2011-09-09,1.367
2011-09-08,1.38
2011-09-07,1.376
2011-09-06,1.37
2011-09-05,1.4
2011-09-02,1.435
2011-09-01,1.44
2011-08-31,1.45
2011-08-30,1.44
2011-08-29,1.44
2011-08-26,1.45
2011-08-25,1.42
2011-08-24,1.39
2011-08-23,1.405
2011-08-22,1.35
2011-08-19,1.33
2011-08-18,1.36
2011-08-17,1.395
2011-08-16,1.43
2011-08-15,1.4
2011-08-12,1.387
2011-08-11,1.36
2011-08-10,1.373
2011-08-09,1.413
2011-08-08,1.405
2011-08-05,1.4
2011-08-04,1.479
2011-08-03,1.482
2011-08-02,1.545
2011-08-01,1.584
2011-07-29,1.6
2011-07-28,1.585
2011-07-27,1.549
2011-07-26,1.548
2011-07-25,1.552
2011-07-22,1.554
2011-07-21,1.54
2011-07-20,1.546
2011-07-19,1.522
2011-07-18,1.514
2011-07-15,1.497
2011-07-14,1.493
2011-07-13,1.491
2011-07-12,1.476
2011-07-11,1.484
2011-07-08,1.489
2011-07-07,1.478
2011-07-06,1.478
2011-07-05,1.474
2011-07-04,1.493
2011-07-01,1.489
2011-06-30,1.511
2011-06-29,1.5
2011-06-28,1.492
2011-06-27,1.49
2011-06-24,1.522
2011-06-23,1.512
2011-06-22,1.512
2011-06-21,1.488
2011-06-20,1.475
2011-06-17,1.483
2011-06-16,1.488
2011-06-15,1.535
2011-06-14,1.538
2011-06-13,1.55
2011-06-10,1.53
2011-06-09,1.472
2011-06-08,1.498
2011-06-07,1.489
2011-06-03,1.426
2011-06-02,1.425
2011-06-01,1.462
2011-05-31,1.467
2011-05-30,1.446
2011-05-27,1.439
2011-05-26,1.46
2011-05-25,1.439
2011-05-24,1.427
2011-05-23,1.429
2011-05-20,1.45
2011-05-19,1.44
2011-05-18,1.445
2011-05-17,1.42
2011-05-16,1.4
2011-05-13,1.4
2011-05-12,1.395
2011-05-11,1.393
2011-05-10,1.382
2011-05-09,1.39
2011-05-06,1.392
2011-05-05,1.398
2011-05-04,1.393
2011-05-03,1.42
2011-04-29,1.43
2011-04-28,1.4
2011-04-27,1.375
2011-04-26,1.362
2011-04-25,1.363
2011-04-22,1.361
2011-04-21,1.359
2011-04-20,1.36
2011-04-19,1.362
2011-04-18,1.359
2011-04-15,1.365
2011-04-14,1.358
2011-04-13,1.35
2011-04-12,1.355
2011-04-11,1.35
2011-04-08,1.357
2011-04-07,1.36
2011-04-06,1.365
2011-04-01,1.37
2011-03-30,1.362
2011-03-29,1.36
2011-03-25,1.365
2011-03-24,1.36
2011-03-23,1.37
2011-03-22,1.36
2011-03-21,1.35
2011-03-17,1.32
2011-03-16,1.36
2011-03-15,1.33
2011-03-14,1.38
2011-03-11,1.4
2011-03-10,1.4
2011-03-09,1.4
2011-03-08,1.4
2011-03-07,1.4
2011-03-04,1.42
2011-03-03,1.399
2011-03-02,1.399
2011-03-01,1.4
2011-02-25,1.4
2011-02-24,1.38
2011-02-23,1.37
2011-02-22,1.39
2011-02-21,1.4
2011-02-18,1.41
2011-02-17,1.41
2011-02-16,1.425
2011-02-15,1.43
2011-02-14,1.4
2011-02-11,1.41
2011-02-10,1.45
2011-02-09,1.48
2011-02-08,1.46
2011-01-28,1.43
2011-01-27,1.419
2011-01-26,1.382
2011-01-25,1.4
2011-01-24,1.398
2011-01-21,1.418
2011-01-20,1.45
2011-01-19,1.46
2011-01-18,1.465
2011-01-17,1.46
2011-01-14,1.465
2011-01-13,1.46
2011-01-12,1.48
2011-01-11,1.49
2011-01-10,1.496
2011-01-07,1.51
2011-01-06,1.5
2011-01-05,1.5
2011-01-04,1.54
2011-01-03,1.54
2010-12-31,1.549
2010-12-30,1.585
2010-12-29,1.613
2010-12-28,1.6
2010-12-27,1.575
2010-12-24,1.525
2010-12-23,1.48
2010-12-22,1.48
2010-12-21,1.49
2010-12-20,1.47
2010-12-17,1.52
2010-12-16,1.505
2010-12-15,1.5
2010-12-14,1.475
2010-12-13,1.52
2010-12-10,1.453
2010-12-09,1.465
2010-12-08,1.46
2010-12-07,1.425
2010-12-06,1.411
2010-12-03,1.45
2010-12-02,1.425
2010-12-01,1.41
2010-11-30,1.45
2010-11-29,1.405
2010-11-26,1.403
2010-11-25,1.395
2010-11-24,1.37
2010-11-23,1.38
2010-11-22,1.38
2010-11-19,1.368
2010-11-18,1.4
2010-11-17,1.34
2010-11-16,1.331
2010-11-15,1.4
2010-11-12,1.31
2010-11-11,1.31
2010-11-10,1.299
2010-11-09,1.28
2010-11-08,1.295
2010-11-05,1.293
2010-11-04,1.27
2010-11-03,1.27
2010-11-02,1.3
2010-11-01,1.278
2010-10-29,1.27
2010-10-28,1.3
2010-10-27,1.35
2010-10-26,1.25
2010-10-25,1.231
2010-10-22,1.233
2010-10-21,1.23
2010-10-20,1.23
2010-10-19,1.24
2010-10-18,1.23
2010-10-15,1.229
2010-10-14,1.195
2010-10-13,1.188
2010-10-12,1.185
2010-10-11,1.188
2010-10-08,1.19
2010-10-07,1.183
2010-10-06,1.18
2010-10-05,1.2
2010-10-04,1.172
2010-10-01,1.21
2010-09-30,1.196
2010-09-29,1.205
2010-09-28,1.21
2010-09-27,1.205
2010-09-24,1.212
2010-09-23,1.205
2010-09-21,1.232
2010-09-20,1.275
2010-09-17,1.255
2010-09-16,1.23
2010-09-15,1.265
2010-09-14,1.265
2010-09-13,1.28
2010-09-10,1.26
2010-09-09,1.25
2010-09-08,1.235
2010-09-06,1.3
2010-09-03,1.235
2010-09-02,1.195
2010-09-01,1.23
2010-08-31,1.2
2010-08-30,1.22
2010-08-27,1.21
2010-08-26,1.24
2010-08-25,1.19
2010-08-24,1.24
2010-08-23,1.29
2010-08-20,1.25
2010-08-19,1.275
2010-08-18,1.27
2010-08-17,1.28
2010-08-16,1.278
2010-08-13,1.3
2010-08-12,1.3
2010-08-11,1.33
2010-08-10,1.325
2010-08-09,1.35
2010-08-06,1.345
2010-08-05,1.34
2010-08-04,1.35
2010-08-03,1.372
2010-08-02,1.365
2010-07-30,1.36
2010-07-29,1.39
2010-07-28,1.395
2010-07-27,1.393
2010-07-26,1.4
2010-07-23,1.398
2010-07-22,1.403
2010-07-21,1.41
2010-07-20,1.415
2010-07-19,1.425
2010-07-16,1.435
2010-07-15,1.445
2010-07-14,1.465
2010-07-13,1.445
2010-07-12,1.44
2010-07-09,1.47
2010-07-08,1.42
2010-07-07,1.41
2010-07-06,1.395
2010-07-05,1.405
2010-07-02,1.42
2010-07-01,1.38
2010-06-30,1.413
2010-06-29,1.44
2010-06-28,1.47
2010-06-25,1.47
2010-06-24,1.405
2010-06-23,1.442
2010-06-22,1.47
2010-06-21,1.46
2010-06-18,1.455
2010-06-17,1.47
2010-06-15,1.471
2010-06-14,1.52
2010-06-11,1.48
2010-06-10,1.47
2010-06-09,1.445
2010-06-08,1.433
2010-06-07,1.45
2010-06-04,1.432
2010-06-03,1.42
2010-06-02,1.393
2010-06-01,1.385
2010-05-31,1.4
2010-05-28,1.4
2010-05-27,1.375
2010-05-26,1.347
2010-05-25,1.365
2010-05-24,1.395
2010-05-21,1.395
2010-05-20,1.406
2010-05-19,1.42
2010-05-18,1.43
2010-05-17,1.418
2010-05-14,1.431
2010-05-13,1.48
2010-05-12,1.433
2010-05-11,1.435
2010-05-10,1.438
2010-05-07,1.435
2010-05-06,1.443
2010-05-05,1.445
2010-05-04,1.445
2010-05-03,1.44
2010-04-30,1.44
2010-04-29,1.442
2010-04-28,1.448
2010-04-27,1.46
2010-04-26,1.465
2010-04-23,1.454
2010-04-22,1.444
2010-04-21,1.447
2010-04-20,1.448
2010-04-19,1.442
2010-04-16,1.446
2010-04-15,1.443
2010-04-13,1.443
2010-04-12,1.447
2010-04-09,1.455
2010-04-08,1.44
2010-04-07,1.445
2010-04-06,1.45
2010-04-02,1.445
2010-04-01,1.44
2010-03-31,1.5
2010-03-30,1.44
2010-03-29,1.445
2010-03-26,1.48
2010-03-25,1.45
2010-03-24,1.48
2010-03-23,1.435
2010-03-22,1.438
2010-03-19,1.429
2010-03-18,1.429
2010-03-17,1.43
2010-03-16,1.43
2010-03-15,1.425
2010-03-12,1.427
2010-03-11,1.429
2010-03-10,1.432
2010-03-09,1.45
2010-03-08,1.46
2010-03-05,1.41
2010-03-03,1.495
2010-03-02,1.505
2010-03-01,1.506
2010-02-26,1.497
2010-02-25,1.485
2010-02-24,1.495
2010-02-23,1.505
2010-02-22,1.523
2010-02-12,1.49
2010-02-11,1.48
2010-02-10,1.48
2010-02-09,1.495
2010-02-08,1.469
2010-02-06,1.48
2010-02-05,1.475
2010-02-04,1.484
2010-02-03,1.49
2010-02-02,1.486
2010-02-01,1.49
2010-01-29,1.482
2010-01-28,1.48
2010-01-27,1.494
2010-01-26,1.488
2010-01-25,1.5
2010-01-22,1.5
2010-01-21,1.51
2010-01-20,1.52
2010-01-19,1.52
2010-01-18,1.51
2010-01-15,1.53
2010-01-14,1.53
2010-01-13,1.53
2010-01-12,1.54
2010-01-11,1.56
2010-01-08,1.55
2010-01-07,1.535
2010-01-06,1.55
2010-01-05,1.6
2010-01-04,1.6
2009-12-31,1.555
2009-12-30,1.54
2009-12-29,1.54
2009-12-28,1.52
2009-12-25,1.525
2009-12-24,1.53
2009-12-23,1.485
2009-12-22,1.48
2009-12-21,1.465
2009-12-18,1.49
2009-12-17,1.49
2009-12-16,1.475
2009-12-15,1.47
2009-12-14,1.475
2009-12-11,1.465
2009-12-10,1.472
2009-12-09,1.475
2009-12-08,1.48
2009-12-07,1.465
2009-12-04,1.452
2009-12-03,1.455
2009-12-02,1.45
2009-12-01,1.435
2009-11-30,1.457
2009-11-27,1.445
2009-11-26,1.47
2009-11-25,1.455
2009-11-24,1.47
2009-11-23,1.46
2009-11-20,1.445
2009-11-19,1.45
2009-11-18,1.43
2009-11-17,1.43
2009-11-11,1.44
2009-11-09,1.44
2009-11-06,1.433
2009-11-05,1.43
2009-11-04,1.42
2009-11-02,1.425
2009-10-30,1.435
2009-10-29,1.425
2009-10-28,1.42
2009-10-27,1.4
2009-10-26,1.399
2009-10-23,1.4
2009-10-22,1.38
2009-10-21,1.37
2009-10-20,1.385
2009-10-19,1.4
2009-10-16,1.46
2009-10-15,1.398
2009-10-14,1.395
2009-10-13,1.415
2009-10-12,1.44
2009-10-09,1.415
2009-10-08,1.315
2009-10-07,1.342
2009-10-06,1.35
2009-10-02,1.345
2009-10-01,1.37
2009-09-30,1.395
2009-09-29,1.41
2009-09-28,1.465
2009-09-25,1.425
2009-09-24,1.445
2009-09-23,1.465
2009-09-22,1.467
2009-09-21,1.49
2009-09-18,1.469
2009-09-17,1.47
2009-09-16,1.465
2009-09-15,1.47
2009-09-14,1.47
2009-09-11,1.5
2009-09-10,1.472
2009-09-09,1.475
2009-09-08,1.485
2009-09-07,1.49
2009-09-04,1.525
2009-09-03,1.51
2009-09-02,1.53
2009-09-01,1.52
2009-08-31,1.515
2009-08-28,1.51
2009-08-27,1.515
2009-08-26,1.525
2009-08-25,1.515
2009-08-24,1.53
2009-08-21,1.52
2009-08-20,1.515
2009-08-19,1.51
2009-08-18,1.53
2009-08-17,1.55
2009-08-14,1.535
2009-08-13,1.53
2009-08-12,1.535
2009-08-11,1.54
2009-08-06,1.54
2009-08-05,1.52
2009-08-04,1.53
2009-08-03,1.52
2009-07-31,1.53
2009-07-30,1.535
2009-07-29,1.54
2009-07-28,1.535
2009-07-27,1.54
2009-07-24,1.545
2009-07-23,1.54
2009-07-22,1.55
2009-07-21,1.57
2009-07-20,1.572
2009-07-17,1.57
2009-07-16,1.58
2009-07-15,1.58
2009-07-14,1.577
2009-07-13,1.57
2009-07-10,1.585
2009-07-09,1.605
2009-07-08,1.615
2009-07-07,1.628
2009-07-06,1.63
2009-07-03,1.63
2009-07-02,1.633
2009-07-01,1.63
2009-06-30,1.633
2009-06-29,1.636
2009-06-26,1.615
2009-06-25,1.63
2009-06-24,1.63
2009-06-23,1.635
2009-06-22,1.645
2009-06-19,1.65
2009-06-18,1.625
2009-06-17,1.628
2009-06-16,1.63
2009-06-15,1.65
2009-06-12,1.65
2009-06-11,1.668
2009-06-10,1.647
2009-06-09,1.632
2009-06-08,1.65
2009-06-06,1.642
2009-06-05,1.625
2009-06-04,1.607
2009-06-03,1.615
2009-06-02,1.615
2009-06-01,1.568
2009-05-26,1.6
2009-05-25,1.615
2009-05-22,1.585
2009-05-21,1.575
2009-05-20,1.59
2009-05-19,1.6
2009-05-18,1.59
2009-05-15,1.62
2009-05-14,1.63
2009-05-13,1.66
2009-05-12,1.68
2009-05-11,1.69
2009-05-08,1.69
2009-05-07,1.675
2009-05-06,1.67
2009-05-05,1.65
2009-05-04,1.65
2009-04-30,1.64
2009-04-29,1.563
2009-04-28,1.56
2009-04-27,1.555
2009-04-24,1.569
2009-04-23,1.58
2009-04-22,1.56
2009-04-21,1.6
2009-04-20,1.54
2009-04-16,1.545
2009-04-15,1.528
2009-04-13,1.543
2009-04-10,1.546
2009-04-09,1.543
2009-04-08,1.53
2009-04-07,1.538
2009-04-06,1.554
2009-04-03,1.547
2009-04-02,1.555
2009-04-01,1.553
2009-03-31,1.54
2009-03-30,1.54
2009-03-27,1.545
2009-03-26,1.55
2009-03-25,1.545
2009-03-24,1.537
2009-03-23,1.53
2009-03-20,1.525
2009-03-19,1.521
2009-03-18,1.505
2009-03-17,1.523
2009-03-13,1.525
2009-03-12,1.545
2009-03-11,1.565
2009-03-10,1.572
2009-03-09,1.532
2009-03-06,1.553
2009-03-05,1.585
2009-03-04,1.563
2009-03-03,1.545
2009-03-02,1.539
2009-02-26,1.508
2009-02-25,1.5
2009-02-23,1.497
2009-02-20,1.501
2009-02-19,1.51
2009-02-17,1.5
2009-02-16,1.5
2009-02-13,1.498
2009-02-12,1.505
2009-02-11,1.501
2009-02-10,1.503
2009-02-09,1.508
2009-02-06,1.507
2009-02-05,1.52
2009-02-04,1.59
2009-02-03,1.595
2009-02-02,1.59
2009-01-22,1.519
2009-01-21,1.54
2009-01-20,1.53
2009-01-19,1.54
2009-01-16,1.5
2009-01-15,1.44
2009-01-14,1.465
2009-01-13,1.497
2009-01-12,1.455
2009-01-10,1.468
2009-01-09,1.46
2009-01-08,1.45
2009-01-07,1.582
2009-01-06,1.49
2009-01-05,1.44
2008-12-31,1.375
2008-12-30,1.413
2008-12-29,1.39
2008-12-26,1.4
2008-12-25,1.42
2008-12-24,1.415
2008-12-23,1.42
2008-12-22,1.45
2008-12-19,1.391
2008-12-18,1.37
2008-12-17,1.342
2008-12-16,1.435
2008-12-15,1.459
2008-12-12,1.438
2008-12-11,1.46
2008-12-10,1.5
2008-12-09,1.497
2008-12-05,1.433
2008-12-04,1.454
2008-12-03,1.468
2008-12-02,1.455
2008-12-01,1.523
2008-11-28,1.492
2008-11-27,1.57
2008-11-26,1.662
2008-11-25,1.61
2008-11-21,1.44
2008-11-20,1.52
2008-11-19,1.635
2008-11-18,1.705
2008-11-17,1.67
2008-11-14,1.7
2008-11-13,1.732
2008-11-12,1.728
2008-11-11,1.769
2008-11-07,1.949
2008-11-06,1.945
2008-11-05,1.954
2008-11-04,1.972
2008-11-03,1.997
2008-10-31,1.983
2008-10-30,1.99
2008-10-29,1.953
2008-10-28,1.987
2008-10-27,1.97
2008-10-24,1.98
2008-10-23,2.03
2008-10-22,2.065
2008-10-21,2.092
2008-10-20,2.086
2008-10-17,2.062
2008-10-16,2.063
2008-10-15,2.08
2008-10-14,2.12
2008-10-13,2.08
2008-10-09,2.03
2008-10-08,2.01
2008-10-07,2.105
2008-10-06,2.08
2008-10-03,2.165
2008-10-02,2.17
2008-10-01,2.136
2008-09-30,2.1
2008-09-26,2.065
2008-09-25,2.25
2008-09-24,2.315
2008-09-23,2.315
2008-09-22,2.205
2008-09-19,2.29
2008-09-18,2.343
2008-09-17,2.15
2008-09-16,2.121
2008-09-15,2.085
2008-09-10,2.33
2008-09-09,2.307
2008-09-08,2.4
2008-09-05,2.38
2008-09-04,2.452
2008-09-03,2.464
2008-09-02,2.51
2008-09-01,2.52
2008-08-29,2.52
2008-08-28,2.52
2008-08-27,2.545
2008-08-26,2.536
2008-08-25,2.555
2008-08-22,2.55
2008-08-21,2.536
2008-08-20,2.54
2008-08-19,2.535
2008-08-18,2.54
2008-08-15,2.545
2008-08-14,2.55
2008-08-13,2.54
2008-08-12,2.535
2008-08-11,2.51
2008-08-08,2.52
2008-08-07,2.5
2008-08-06,2.53
2008-08-05,2.549
2008-08-04,2.57
2008-08-01,2.52
2008-07-31,2.51
2008-07-30,2.494
2008-07-29,2.5
2008-07-25,2.6
2008-07-24,2.577
2008-07-23,2.63
2008-07-22,2.575
2008-07-21,2.59
2008-07-18,2.58
2008-07-17,2.59
2008-07-16,2.623
2008-07-15,2.598
2008-07-14,2.59
2008-07-11,2.58
2008-07-10,2.58
2008-07-09,2.58
2008-07-08,2.56
2008-07-07,2.58
2008-07-04,2.559
2008-07-03,2.627
2008-07-02,2.65
2008-07-01,2.594
2008-06-30,2.693
2008-06-27,2.717
2008-06-26,2.692
2008-06-25,2.683
2008-06-24,2.724
2008-06-23,2.75
2008-06-20,2.755
2008-06-19,2.775
2008-06-18,2.787
2008-06-17,2.785
2008-06-16,2.841
2008-06-13,2.834
2008-06-12,2.758
2008-06-11,2.723
2008-06-10,2.718
2008-06-09,2.643
2008-06-06,2.662
2008-06-05,2.67
2008-06-04,2.65
2008-06-03,2.61
2008-06-02,2.645
2008-05-30,2.622
2008-05-29,2.65
2008-05-28,2.616
2008-05-27,2.618
2008-05-26,2.572
2008-05-23,2.536
2008-05-22,2.545
2008-05-21,2.493
2008-05-20,2.504
2008-05-19,2.514
2008-05-16,2.537
2008-05-15,2.562
2008-05-14,2.53
2008-05-13,2.538
2008-05-12,2.522
2008-05-09,2.55
2008-05-08,2.513
2008-05-07,2.488
2008-05-06,2.52
2008-05-05,2.49
2008-05-02,2.516
2008-04-30,2.511
2008-04-29,2.506
2008-04-28,2.544
2008-04-25,2.555
2008-04-24,2.515
2008-04-23,2.516
2008-04-22,2.523
2008-04-21,2.507
2008-04-18,2.503
2008-04-17,2.491
2008-04-16,2.47
2008-04-15,2.46
2008-04-14,2.438
2008-04-11,2.444
2008-04-10,2.459
2008-04-09,2.44
2008-04-07,2.453
2008-04-03,2.433
2008-04-02,2.435
2008-04-01,2.425
2008-03-31,2.42
2008-03-28,2.421
2008-03-27,2.55
2008-03-26,2.455
2008-03-25,2.479
2008-03-24,2.519
2008-03-21,2.497
2008-03-20,2.487
2008-03-19,2.462
2008-03-18,2.452
2008-03-17,2.445
2008-03-14,2.455
2008-03-13,2.43
2008-03-12,2.438
2008-03-11,2.45
2008-03-10,2.445
2008-03-07,2.441
2008-03-06,2.48
2008-03-05,2.465
2008-03-03,2.421
2008-02-29,2.455
2008-02-27,2.439
2008-02-26,2.426
2008-02-25,2.413
2008-02-22,2.38
2008-02-21,2.38
2008-02-20,2.362
2008-02-19,2.36
2008-02-18,2.361
2008-02-15,2.38
2008-02-14,2.355
2008-02-13,2.342
2008-02-12,2.365
2008-01-31,2.352
2008-01-30,2.358
2008-01-29,2.368
2008-01-28,2.356
2008-01-25,2.378
2008-01-24,2.353
2008-01-23,2.298
2008-01-22,2.41
2008-01-21,2.527
2008-01-18,2.544
2008-01-17,2.541
2008-01-16,2.558
2008-01-15,2.576
2008-01-14,2.577
2008-01-11,2.558
2008-01-10,2.595
2008-01-09,2.6
2008-01-08,2.576
2008-01-07,2.555
2008-01-04,2.565
2008-01-03,2.553
2008-01-02,2.563
2007-12-31,2.583
2007-12-28,2.61
2007-12-26,2.605
2007-12-25,2.588
2007-12-24,2.579
2007-12-21,2.523
2007-12-20,2.484
2007-12-19,2.486
2007-12-18,2.52
2007-12-17,2.513
2007-12-14,2.517
2007-12-13,2.51
2007-12-12,2.492
2007-12-11,2.47
2007-12-10,2.505
2007-12-07,2.497
2007-12-06,2.5
2007-12-05,2.554
2007-12-04,2.561
2007-12-03,2.567
2007-11-30,2.55
2007-11-29,2.565
2007-11-28,2.6
2007-11-27,2.55
2007-11-26,2.545
2007-11-23,2.493
2007-11-22,2.515
2007-11-21,2.545
2007-11-20,2.583
2007-11-19,2.645
2007-11-16,2.615
2007-11-15,2.665
2007-11-14,2.67
2007-11-13,2.686
2007-11-12,2.637
2007-11-09,2.701
2007-11-08,2.705
2007-11-07,2.747
2007-11-06,2.779
2007-11-05,2.757
2007-11-02,2.71
2007-11-01,2.759
2007-10-31,2.71
2007-10-30,2.698
2007-10-29,2.721
2007-10-26,2.683
2007-10-25,2.668
2007-10-24,2.629
2007-10-23,2.66
2007-10-22,2.657
2007-10-19,2.687
2007-10-18,2.72
2007-10-17,2.758
2007-10-16,2.749
2007-10-15,2.757
2007-10-12,2.68
2007-10-11,2.745
2007-10-09,2.765
2007-10-08,2.803
2007-10-05,2.714
2007-10-04,2.68
2007-10-03,2.666
2007-10-02,2.636
2007-10-01,2.67
2007-09-29,2.626
2007-09-28,2.608
2007-09-27,2.648
2007-09-26,2.605
2007-09-21,2.493
2007-09-20,2.412
2007-09-19,2.43
2007-09-17,2.485
2007-09-14,2.465
2007-09-13,2.425
2007-09-12,2.426
2007-09-11,2.42
2007-09-10,2.398
2007-09-07,2.482
2007-09-06,2.501
2007-09-05,2.49
2007-09-04,2.466
2007-09-03,2.477
2007-08-31,2.532
2007-08-30,2.448
2007-08-29,2.397
2007-08-28,2.41
2007-08-27,2.434
2007-08-24,2.381
2007-08-23,2.373
2007-08-22,2.328
2007-08-21,2.28
2007-08-20,2.375
2007-08-17,2.323
2007-08-16,2.267
2007-08-15,2.348
2007-08-14,2.38
2007-08-13,2.41
2007-08-10,2.535
2007-08-09,2.586
2007-08-08,2.553
2007-08-07,2.512
2007-08-06,2.52
2007-08-03,2.566
2007-08-02,2.55
2007-08-01,2.552
2007-07-31,2.665
2007-07-30,2.642
2007-07-27,2.598
2007-07-26,2.64
2007-07-25,2.654
2007-07-24,2.668
2007-07-23,2.61
2007-07-20,2.613
2007-07-19,2.578
2007-07-18,2.557
2007-07-17,2.563
2007-07-16,2.495
2007-07-13,2.573
2007-07-12,2.547
2007-07-11,2.513
2007-07-10,2.493
2007-07-09,2.572
2007-07-06,2.626
2007-07-05,2.575
2007-07-04,2.543
2007-07-03,2.548
2007-07-02,2.517
2007-06-29,2.495
2007-06-28,2.465
2007-06-27,2.438
2007-06-26,2.399
2007-06-25,2.41
2007-06-23,2.48
2007-06-22,2.53
2007-06-21,2.436
2007-06-20,2.428
2007-06-15,2.542
2007-06-14,2.584
2007-06-13,2.56
2007-06-12,2.45
2007-06-11,2.55
2007-06-08,2.595
2007-06-07,2.478
2007-06-06,2.375
2007-06-05,2.39
2007-06-04,2.285
2007-06-01,2.255
2007-05-31,2.3
2007-05-30,2.187
2007-05-29,2.167
2007-05-28,2.179
2007-05-25,2.187
2007-05-24,2.2
2007-05-23,2.145
2007-05-22,2.135
2007-05-21,2.132
2007-05-18,2.15
2007-05-17,2.099
2007-05-16,2.109
2007-05-15,2.059
2007-05-14,2.05
2007-05-11,2.049
2007-05-10,2.066
2007-05-09,2.063
2007-05-08,2.084
2007-05-07,2.087
2007-05-04,2.098
2007-05-03,2.094
2007-05-02,2.068
2007-04-30,2.078
2007-04-27,2.079
2007-04-26,2.081
2007-04-25,2.11
2007-04-24,2.049
2007-04-23,2.028
2007-04-20,2.033
2007-04-19,2.011
2007-04-18,2.046
2007-04-17,2.05
2007-04-16,2.039
2007-04-14,2.027
2007-04-13,2.018
2007-04-12,2.016
2007-04-11,2.017
2007-04-10,1.981
2007-04-09,1.986
2007-04-04,1.965
2007-04-03,1.954
2007-04-02,1.956
2007-03-30,1.954
2007-03-29,1.951
2007-03-28,1.952
2007-03-27,1.957
2007-03-23,1.953
2007-03-22,1.94
2007-03-21,1.941
2007-03-20,1.953
2007-03-19,1.94
2007-03-16,1.949
2007-03-15,1.941
2007-03-14,1.923
2007-03-13,1.934
2007-03-12,1.962
2007-03-09,1.956
2007-03-08,1.952
2007-03-07,1.96
2007-03-06,1.958
2007-03-05,1.943
2007-03-03,1.955
2007-03-02,1.956
2007-03-01,2.0
2007-02-27,1.967
2007-02-26,1.975
2007-02-14,1.98
2007-02-13,1.981
2007-02-12,1.985
2007-02-09,1.99
2007-02-08,1.992
2007-02-07,1.99
2007-02-06,1.986
2007-02-05,1.98
2007-02-02,1.982
2007-02-01,1.979
2007-01-31,1.98
2007-01-30,1.984
2007-01-29,1.982
2007-01-26,1.984
2007-01-25,1.988
2007-01-24,1.993
2007-01-23,1.988
2007-01-22,1.99
2007-01-19,1.988
2007-01-18,1.994
2007-01-17,1.99
2007-01-16,1.992
2007-01-15,2.003
2007-01-12,1.998
2007-01-11,1.991
2007-01-10,1.987
2007-01-09,1.995
2007-01-08,1.982
2007-01-05,1.987
2007-01-04,1.992
2007-01-03,1.99
2007-01-02,2.003
